timestamp,outside_t,outside_h,outside_c,outside_p,outside_a,outside_v,room_1_t,room_1_h,room_1_c,room_1_p,room_1_a,room_1_v,room_2_t,room_2_h,room_2_c,room_2_p,room_2_a,room_2_v,room_3_t,room_3_h,room_3_c,room_3_p,room_3_a,room_3_v,supply_t,supply_h,supply_c,supply_p,supply_a,supply_v,return_t,return_h,return_c,return_p,return_a,return_v,mixed_t,mixed_h,mixed_c,mixed_p,mixed_a,mixed_v,cooler_t,cooler_h,cooler_c,cooler_p,cooler_a,cooler_v,heated_t,heated_h,heated_c,heated_p,heated_a,heated_v,mixer,fan,flowrate,coolerState,heaterState,humidifierState,time_str,actual_occupancy
2026-07-31 09:25:17.380000+05:30,29.6,72.7,416,0,1,31,23.7,55.4,0,955.4,0,0,27.3,51.9,413,0,1,29,0,0,0,0,0,0,17.6,77.9,412,0,1,29,0,0,0,0,0,0,0,0,0,0,0,0,0,0,0,0,0,0,0,0,0,0,0,0,100,50,0,0,0,0,09:25:00,0
2026-07-31 09:25:22.379000+05:30,29.6,72.6,405,0,1,26,23.7,55.4,0,955.5,0,0,27.3,51.8,424,0,1,34,0,0,0,0,0,0,17.6,78.0,413,0,1,29,0,0,0,0,0,0,0,0,0,0,0,0,0,0,0,0,0,0,0,0,0,0,0,0,100,50,0,0,0,0,09:25:00,0
2026-07-31 09:25:27.379000+05:30,29.6,72.2,400,0,1,16,23.7,55.4,0,955.5,0,0,27.3,51.8,429,0,1,37,0,0,0,0,0,0,17.6,78.0,413,0,1,30,0,0,0,0,0,0,0,0,0,0,0,0,0,0,0,0,0,0,0,0,0,0,0,0,100,50,0,0,0,0,09:25:00,0
2026-07-31 09:25:32.379000+05:30,29.5,71.7,400,0,1,18,23.7,55.4,0,955.4,0,0,27.3,51.8,428,0,1,36,0,0,0,0,0,0,17.6,78.0,432,0,1,38,0,0,0,0,0,0,0,0,0,0,0,0,0,0,0,0,0,0,0,0,0,0,0,0,100,50,0,0,0,0,09:25:00,0
2026-07-31 09:25:37.380000+05:30,29.6,71.0,400,0,1,19,23.7,55.4,0,955.4,0,0,27.3,51.8,426,0,1,35,0,0,0,0,0,0,17.6,78.0,422,0,1,34,0,0,0,0,0,0,0,0,0,0,0,0,0,0,0,0,0,0,0,0,0,0,0,0,100,50,0,0,0,0,09:25:00,0
2026-07-31 09:25:42.478000+05:30,29.6,70.9,400,0,1,22,23.7,55.3,0,955.4,0,0,27.3,51.8,430,0,1,37,0,0,0,0,0,0,17.6,77.9,423,0,1,34,0,0,0,0,0,0,0,0,0,0,0,0,0,0,0,0,0,0,0,0,0,0,0,0,100,50,0,0,0,0,09:25:00,0
2026-07-31 09:25:47.381000+05:30,29.6,70.7,401,0,1,24,23.7,55.4,0,955.5,0,0,27.3,51.8,436,0,1,40,0,0,0,0,0,0,17.6,77.8,435,0,1,39,0,0,0,0,0,0,0,0,0,0,0,0,0,0,0,0,0,0,0,0,0,0,0,0,100,50,0,0,0,0,09:25:00,0
2026-07-31 09:25:52.384000+05:30,29.5,70.4,400,0,1,19,23.7,55.3,0,955.4,0,0,27.3,51.7,400,0,1,23,0,0,0,0,0,0,17.6,77.8,421,0,1,33,0,0,0,0,0,0,0,0,0,0,0,0,0,0,0,0,0,0,0,0,0,0,0,0,100,50,0,0,0,0,09:25:00,0
2026-07-31 09:25:57.378000+05:30,29.5,69.7,404,0,1,25,23.7,55.3,0,955.4,0,0,27.3,51.7,428,0,1,36,0,0,0,0,0,0,17.6,77.8,418,0,1,32,0,0,0,0,0,0,0,0,0,0,0,0,0,0,0,0,0,0,0,0,0,0,0,0,100,50,0,0,0,0,09:25:00,0
2026-07-31 09:26:02.482000+05:30,29.5,69.6,402,0,1,25,23.7,55.3,0,955.4,0,0,27.3,51.7,412,0,1,29,0,0,0,0,0,0,17.6,77.7,401,0,1,24,0,0,0,0,0,0,0,0,0,0,0,0,0,0,0,0,0,0,0,0,0,0,0,0,100,50,0,0,0,0,09:25:00,0
2026-07-31 09:26:07.378000+05:30,29.5,69.8,400,0,1,10,23.7,55.3,0,955.5,0,0,27.3,51.7,400,0,1,23,0,0,0,0,0,0,17.6,77.7,400,0,1,23,0,0,0,0,0,0,0,0,0,0,0,0,0,0,0,0,0,0,0,0,0,0,0,0,100,50,0,0,0,0,09:25:00,0
2026-07-31 09:26:12.383000+05:30,29.5,69.9,400,0,1,13,23.7,55.3,0,955.5,0,0,27.3,51.7,411,0,1,28,0,0,0,0,0,0,17.6,77.7,408,0,1,27,0,0,0,0,0,0,0,0,0,0,0,0,0,0,0,0,0,0,0,0,0,0,0,0,100,50,0,0,0,0,09:25:00,0
2026-07-31 09:26:17.384000+05:30,29.6,70.3,400,0,1,20,23.7,55.2,0,955.5,0,0,27.3,51.7,425,0,1,35,0,0,0,0,0,0,17.5,77.5,417,0,1,31,0,0,0,0,0,0,0,0,0,0,0,0,0,0,0,0,0,0,0,0,0,0,0,0,100,50,0,0,0,0,09:25:00,0
2026-07-31 09:26:22.384000+05:30,29.6,70.0,403,0,1,25,23.7,55.2,0,955.5,0,0,27.3,51.7,423,0,1,34,0,0,0,0,0,0,17.5,77.5,405,0,1,26,0,0,0,0,0,0,0,0,0,0,0,0,0,0,0,0,0,0,0,0,0,0,0,0,100,50,0,0,0,0,09:25:00,0
2026-07-31 09:26:27.384000+05:30,29.6,69.6,402,0,1,25,23.7,55.2,0,955.5,0,0,27.3,51.6,437,0,1,40,0,0,0,0,0,0,17.5,77.3,412,0,1,29,0,0,0,0,0,0,0,0,0,0,0,0,0,0,0,0,0,0,0,0,0,0,0,0,100,50,0,0,0,0,09:25:00,0
2026-07-31 09:26:32.384000+05:30,29.5,69.5,400,0,1,22,23.7,55.1,0,955.4,0,0,27.2,51.6,445,0,1,44,0,0,0,0,0,0,17.5,77.3,406,0,1,26,0,0,0,0,0,0,0,0,0,0,0,0,0,0,0,0,0,0,0,0,0,0,0,0,100,50,0,0,0,0,09:25:00,0
2026-07-31 09:26:37.379000+05:30,29.5,69.8,412,0,1,29,23.7,55.1,0,955.4,0,0,27.2,51.6,409,0,1,28,0,0,0,0,0,0,17.5,77.3,425,0,1,35,0,0,0,0,0,0,0,0,0,0,0,0,0,0,0,0,0,0,0,0,0,0,0,0,100,50,0,0,0,0,09:25:00,0
2026-07-31 09:26:42.382000+05:30,29.5,70.1,422,0,1,34,23.7,55.1,0,955.4,0,0,27.2,51.6,417,0,1,31,0,0,0,0,0,0,17.5,77.3,413,0,1,30,0,0,0,0,0,0,0,0,0,0,0,0,0,0,0,0,0,0,0,0,0,0,0,0,100,50,0,0,0,0,09:25:00,0
2026-07-31 09:26:47.383000+05:30,29.6,70.6,424,0,1,34,23.7,55.1,0,955.4,0,0,27.2,51.6,437,0,1,41,0,0,0,0,0,0,17.5,77.3,435,0,1,39,0,0,0,0,0,0,0,0,0,0,0,0,0,0,0,0,0,0,0,0,0,0,0,0,100,50,0,0,0,0,09:25:00,0
2026-07-31 09:26:52.383000+05:30,29.6,71.1,429,0,1,37,23.6,55.1,0,955.4,0,0,27.2,51.6,418,0,1,32,0,0,0,0,0,0,17.5,77.5,415,0,1,31,0,0,0,0,0,0,0,0,0,0,0,0,0,0,0,0,0,0,0,0,0,0,0,0,100,50,0,0,0,0,09:25:00,0
2026-07-31 09:26:57.383000+05:30,29.6,71.5,438,0,1,41,23.7,55.0,0,955.4,0,0,27.2,51.6,414,0,1,30,0,0,0,0,0,0,17.5,77.5,424,0,1,34,0,0,0,0,0,0,0,0,0,0,0,0,0,0,0,0,0,0,0,0,0,0,0,0,100,50,0,0,0,0,09:25:00,0
2026-07-31 09:27:02.383000+05:30,29.6,71.5,452,0,1,48,23.7,55.0,0,955.4,0,0,27.2,51.6,400,0,1,19,0,0,0,0,0,0,17.5,77.5,428,0,1,36,0,0,0,0,0,0,0,0,0,0,0,0,0,0,0,0,0,0,0,0,0,0,0,0,100,50,0,0,0,0,09:25:00,0
2026-07-31 09:27:07.382000+05:30,29.5,71.6,466,0,1,54,23.6,55.0,0,955.4,0,0,27.2,51.5,408,0,1,27,0,0,0,0,0,0,17.5,77.6,420,0,1,33,0,0,0,0,0,0,0,0,0,0,0,0,0,0,0,0,0,0,0,0,0,0,0,0,100,50,0,0,0,0,09:25:00,0
2026-07-31 09:27:12.382000+05:30,29.5,71.8,457,0,1,50,23.6,55.0,0,955.4,0,0,27.2,51.5,441,0,1,42,0,0,0,0,0,0,17.5,77.6,416,0,1,31,0,0,0,0,0,0,0,0,0,0,0,0,0,0,0,0,0,0,0,0,0,0,0,0,100,50,0,0,0,0,09:25:00,0
2026-07-31 09:27:17.383000+05:30,29.6,72.3,454,0,1,48,23.6,55.0,0,955.5,0,0,27.2,51.4,433,0,1,39,0,0,0,0,0,0,17.5,77.6,425,0,1,35,0,0,0,0,0,0,0,0,0,0,0,0,0,0,0,0,0,0,0,0,0,0,0,0,100,50,0,0,0,0,09:25:00,0
2026-07-31 09:27:22.382000+05:30,29.5,72.4,438,0,1,41,23.6,55.0,0,955.5,0,0,27.2,51.5,433,0,1,39,0,0,0,0,0,0,17.5,77.8,409,0,1,28,0,0,0,0,0,0,0,0,0,0,0,0,0,0,0,0,0,0,0,0,0,0,0,0,100,50,0,0,0,0,09:25:00,0
2026-07-31 09:27:27.383000+05:30,29.6,72.6,456,0,1,50,23.6,54.9,0,955.4,0,0,27.2,51.5,444,0,1,44,0,0,0,0,0,0,17.5,77.8,409,0,1,28,0,0,0,0,0,0,0,0,0,0,0,0,0,0,0,0,0,0,0,0,0,0,0,0,100,50,0,0,0,0,09:25:00,0
2026-07-31 09:27:32.382000+05:30,29.5,72.6,440,0,1,42,23.6,54.9,0,955.4,0,0,27.2,51.5,427,0,1,36,0,0,0,0,0,0,17.5,77.9,415,0,1,31,0,0,0,0,0,0,0,0,0,0,0,0,0,0,0,0,0,0,0,0,0,0,0,0,100,50,0,0,0,0,09:25:00,0
2026-07-31 09:27:37.382000+05:30,29.6,72.7,416,0,1,31,23.6,54.9,0,955.5,0,0,27.2,51.4,446,0,1,45,0,0,0,0,0,0,17.5,78.0,400,0,1,23,0,0,0,0,0,0,0,0,0,0,0,0,0,0,0,0,0,0,0,0,0,0,0,0,100,50,0,0,0,0,09:25:00,0
2026-07-31 09:27:42.382000+05:30,29.5,72.7,466,0,1,54,23.6,54.9,0,955.5,0,0,27.2,51.4,429,0,1,37,0,0,0,0,0,0,17.5,78.0,406,0,1,26,0,0,0,0,0,0,0,0,0,0,0,0,0,0,0,0,0,0,0,0,0,0,0,0,100,50,0,0,0,0,09:25:00,0
2026-07-31 09:27:47.382000+05:30,29.5,72.7,475,0,1,59,23.6,54.9,0,955.5,0,0,27.2,51.3,428,0,1,36,0,0,0,0,0,0,17.5,78.2,457,0,1,50,0,0,0,0,0,0,0,0,0,0,0,0,0,0,0,0,0,0,0,0,0,0,0,0,100,50,0,0,0,0,09:25:00,0
2026-07-31 09:27:52.382000+05:30,29.6,72.6,447,0,1,45,23.6,54.9,0,955.5,0,0,27.1,51.4,423,0,1,34,0,0,0,0,0,0,17.5,78.4,440,0,1,42,0,0,0,0,0,0,0,0,0,0,0,0,0,0,0,0,0,0,0,0,0,0,0,0,100,50,0,0,0,0,09:25:00,0
2026-07-31 09:27:57.444000+05:30,29.6,72.6,435,0,1,40,23.6,54.9,0,955.5,0,0,27.1,51.4,432,0,1,38,0,0,0,0,0,0,17.5,78.5,402,0,1,25,0,0,0,0,0,0,0,0,0,0,0,0,0,0,0,0,0,0,0,0,0,0,0,0,100,50,0,0,0,0,09:25:00,0
2026-07-31 09:28:02.382000+05:30,29.6,72.6,420,0,1,32,23.6,54.9,0,955.5,0,0,27.1,51.4,429,0,1,37,0,0,0,0,0,0,17.5,78.5,400,0,1,22,0,0,0,0,0,0,0,0,0,0,0,0,0,0,0,0,0,0,0,0,0,0,0,0,100,50,0,0,0,0,09:25:00,0
2026-07-31 09:28:07.383000+05:30,29.6,72.7,438,0,1,41,23.6,54.8,0,955.5,0,0,27.1,51.4,437,0,1,41,0,0,0,0,0,0,17.5,78.6,424,0,1,35,0,0,0,0,0,0,0,0,0,0,0,0,0,0,0,0,0,0,0,0,0,0,0,0,100,50,0,0,0,0,09:25:00,0
2026-07-31 09:28:12.382000+05:30,29.6,72.7,421,0,1,33,23.6,54.8,0,955.5,0,0,27.1,51.4,426,0,1,35,0,0,0,0,0,0,17.5,78.6,405,0,1,26,0,0,0,0,0,0,0,0,0,0,0,0,0,0,0,0,0,0,0,0,0,0,0,0,100,50,0,0,0,0,09:25:00,0
2026-07-31 09:28:17.381000+05:30,29.6,72.3,416,0,1,31,23.6,54.9,0,955.5,0,0,27.1,51.3,439,0,1,42,0,0,0,0,0,0,17.5,78.5,400,0,1,21,0,0,0,0,0,0,0,0,0,0,0,0,0,0,0,0,0,0,0,0,0,0,0,0,100,50,0,0,0,0,09:25:00,0
2026-07-31 09:28:22.382000+05:30,29.6,71.6,400,0,1,24,23.6,54.8,0,955.5,0,0,27.1,51.4,426,0,1,35,0,0,0,0,0,0,17.5,78.7,404,0,1,26,0,0,0,0,0,0,0,0,0,0,0,0,0,0,0,0,0,0,0,0,0,0,0,0,100,50,0,0,0,0,09:25:00,0
2026-07-31 09:28:27.379000+05:30,29.6,71.6,442,0,1,43,23.6,54.8,0,955.5,0,0,27.1,51.4,413,0,1,29,0,0,0,0,0,0,17.5,78.7,425,0,1,35,0,0,0,0,0,0,0,0,0,0,0,0,0,0,0,0,0,0,0,0,0,0,0,0,100,50,0,0,0,0,09:25:00,0
2026-07-31 09:28:32.381000+05:30,29.5,71.5,414,0,1,30,23.5,54.8,0,955.5,0,0,27.1,51.3,436,0,1,40,0,0,0,0,0,0,17.5,78.6,410,0,1,28,0,0,0,0,0,0,0,0,0,0,0,0,0,0,0,0,0,0,0,0,0,0,0,0,100,50,0,0,0,0,09:25:00,0
2026-07-31 09:28:37.382000+05:30,29.6,71.5,433,0,1,39,23.5,54.8,0,955.4,0,0,27.1,51.3,422,0,1,34,0,0,0,0,0,0,17.5,78.5,422,0,1,33,0,0,0,0,0,0,0,0,0,0,0,0,0,0,0,0,0,0,0,0,0,0,0,0,100,50,0,0,0,0,09:25:00,0
2026-07-31 09:28:42.380000+05:30,29.5,71.0,408,0,1,27,23.5,54.8,0,955.4,0,0,27.1,51.3,420,0,1,33,0,0,0,0,0,0,17.5,78.5,400,0,1,23,0,0,0,0,0,0,0,0,0,0,0,0,0,0,0,0,0,0,0,0,0,0,0,0,100,50,0,0,0,0,09:25:00,0
2026-07-31 09:28:47.384000+05:30,29.5,70.7,405,0,1,26,23.5,54.8,0,955.5,0,0,27.1,51.3,406,0,1,26,0,0,0,0,0,0,17.5,78.3,414,0,1,30,0,0,0,0,0,0,0,0,0,0,0,0,0,0,0,0,0,0,0,0,0,0,0,0,100,50,0,0,0,0,09:25:00,0
2026-07-31 09:28:52.379000+05:30,29.5,70.9,409,0,1,28,23.5,54.8,0,955.5,0,0,27.1,51.3,438,0,1,41,0,0,0,0,0,0,17.5,78.3,432,0,1,38,0,0,0,0,0,0,0,0,0,0,0,0,0,0,0,0,0,0,0,0,0,0,0,0,100,50,0,0,0,0,09:25:00,0
2026-07-31 09:28:57.480000+05:30,29.5,71.1,411,0,1,29,23.5,54.8,0,955.5,0,0,27.1,51.3,440,0,1,42,0,0,0,0,0,0,17.5,78.2,401,0,1,24,0,0,0,0,0,0,0,0,0,0,0,0,0,0,0,0,0,0,0,0,0,0,0,0,100,50,0,0,0,0,09:25:00,0
2026-07-31 09:29:02.379000+05:30,29.5,71.3,463,0,1,53,23.5,54.8,0,955.4,0,0,27.1,51.3,401,0,1,24,0,0,0,0,0,0,17.5,78.2,414,0,1,30,0,0,0,0,0,0,0,0,0,0,0,0,0,0,0,0,0,0,0,0,0,0,0,0,100,50,0,0,0,0,09:25:00,0
2026-07-31 09:29:07.380000+05:30,29.5,71.8,473,0,1,58,23.5,54.8,0,955.4,0,0,27.1,51.3,431,0,1,38,0,0,0,0,0,0,17.5,78.1,423,0,1,34,0,0,0,0,0,0,0,0,0,0,0,0,0,0,0,0,0,0,0,0,0,0,0,0,100,50,0,0,0,0,09:25:00,0
2026-07-31 09:29:12.380000+05:30,29.6,72.1,474,0,1,59,23.5,54.8,0,955.4,0,0,27.1,51.3,409,0,1,28,0,0,0,0,0,0,17.5,78.1,421,0,1,33,0,0,0,0,0,0,0,0,0,0,0,0,0,0,0,0,0,0,0,0,0,0,0,0,100,50,0,0,0,0,09:25:00,0
2026-07-31 09:29:17.379000+05:30,29.5,72.3,480,0,1,62,23.5,54.7,0,955.5,0,0,27.1,51.3,409,0,1,28,0,0,0,0,0,0,17.5,78.1,412,0,1,29,0,0,0,0,0,0,0,0,0,0,0,0,0,0,0,0,0,0,0,0,0,0,0,0,100,50,0,0,0,0,09:25:00,0
2026-07-31 09:29:22.379000+05:30,29.5,72.2,450,0,1,47,23.5,54.7,0,955.5,0,0,27.1,51.3,437,0,1,41,0,0,0,0,0,0,17.5,78.1,400,0,1,22,0,0,0,0,0,0,0,0,0,0,0,0,0,0,0,0,0,0,0,0,0,0,0,0,100,50,0,0,0,0,09:25:00,0
2026-07-31 09:29:27.379000+05:30,29.5,71.6,412,0,1,29,23.5,54.7,0,955.5,0,0,27.1,51.3,452,0,1,48,0,0,0,0,0,0,17.5,78.1,417,0,1,31,0,0,0,0,0,0,0,0,0,0,0,0,0,0,0,0,0,0,0,0,0,0,0,0,100,50,0,0,0,0,09:25:00,0
2026-07-31 09:29:32.380000+05:30,29.5,70.5,400,0,1,14,23.5,54.7,0,955.5,0,0,27.1,51.2,429,0,1,37,0,0,0,0,0,0,17.5,78.1,424,0,1,34,0,0,0,0,0,0,0,0,0,0,0,0,0,0,0,0,0,0,0,0,0,0,0,0,100,50,0,0,0,0,09:25:00,0
2026-07-31 09:29:37.379000+05:30,29.5,70.0,400,0,1,17,23.5,54.7,0,955.4,0,0,27.0,51.2,437,0,1,40,0,0,0,0,0,0,17.5,78.1,422,0,1,33,0,0,0,0,0,0,0,0,0,0,0,0,0,0,0,0,0,0,0,0,0,0,0,0,100,50,0,0,0,0,09:25:00,0
2026-07-31 09:29:42.379000+05:30,29.5,70.9,472,0,1,57,23.5,54.7,0,955.4,0,0,27.0,51.2,450,0,1,47,0,0,0,0,0,0,17.6,78.3,429,0,1,37,0,0,0,0,0,0,0,0,0,0,0,0,0,0,0,0,0,0,0,0,0,0,0,0,100,50,0,0,0,0,09:25:00,0
2026-07-31 09:29:47.378000+05:30,29.5,70.8,412,0,1,29,23.5,54.7,0,955.4,0,0,27.1,51.2,451,0,1,47,0,0,0,0,0,0,17.6,78.4,403,0,1,25,0,0,0,0,0,0,0,0,0,0,0,0,0,0,0,0,0,0,0,0,0,0,0,0,100,50,0,0,0,0,09:25:00,0
2026-07-31 09:29:52.378000+05:30,29.5,71.1,406,0,1,26,23.5,54.7,0,955.4,0,0,27.1,51.2,433,0,1,38,0,0,0,0,0,0,17.6,78.4,422,0,1,34,0,0,0,0,0,0,0,0,0,0,0,0,0,0,0,0,0,0,0,0,0,0,0,0,100,50,0,0,0,0,09:25:00,0
2026-07-31 09:29:57.378000+05:30,29.4,71.2,400,0,1,22,23.5,54.7,0,955.5,0,0,27.0,51.2,441,0,1,42,0,0,0,0,0,0,17.5,78.3,412,0,1,29,0,0,0,0,0,0,0,0,0,0,0,0,0,0,0,0,0,0,0,0,0,0,0,0,100,50,0,0,0,0,09:25:00,0
2026-07-31 09:30:02.378000+05:30,29.4,71.1,413,0,1,29,23.5,54.8,0,955.5,0,0,27.0,51.2,423,0,1,34,0,0,0,0,0,0,17.5,78.3,422,0,1,33,0,0,0,0,0,0,0,0,0,0,0,0,0,0,0,0,0,0,0,0,0,0,0,0,100,50,0,0,0,0,09:30:00,1
2026-07-31 09:30:07.378000+05:30,29.4,71.1,413,0,1,30,23.5,54.8,0,955.5,0,0,27.0,51.2,400,0,1,22,0,0,0,0,0,0,17.5,78.3,411,0,1,29,0,0,0,0,0,0,0,0,0,0,0,0,0,0,0,0,0,0,0,0,0,0,0,0,100,50,0,0,0,0,09:30:00,1
2026-07-31 09:30:12.379000+05:30,29.5,71.0,452,0,1,47,23.5,54.7,0,955.5,0,0,27.0,51.2,427,0,1,36,0,0,0,0,0,0,17.5,78.3,410,0,1,28,0,0,0,0,0,0,0,0,0,0,0,0,0,0,0,0,0,0,0,0,0,0,0,0,100,50,0,0,0,0,09:30:00,1
2026-07-31 09:30:17.378000+05:30,29.4,71.5,467,0,1,55,23.5,54.6,0,955.2,0,0,27.0,51.2,434,0,1,39,0,0,0,0,0,0,17.3,78.3,409,0,1,28,0,0,0,0,0,0,0,0,0,0,0,0,0,0,0,0,0,0,0,0,0,0,0,0,100,50,0,0,0,0,09:30:00,1
2026-07-31 09:30:22.378000+05:30,29.5,71.6,446,0,1,45,23.5,54.6,0,955.2,0,0,27.0,51.2,474,0,1,58,0,0,0,0,0,0,17.3,78.3,430,0,1,37,0,0,0,0,0,0,0,0,0,0,0,0,0,0,0,0,0,0,0,0,0,0,0,0,100,50,0,0,0,0,09:30:00,1
2026-07-31 09:30:27.383000+05:30,29.4,71.7,423,0,1,34,23.5,60.0,0,955.4,0,0,27.0,54.4,477,0,1,60,0,0,0,0,0,0,17.4,78.9,427,0,1,36,0,0,0,0,0,0,0,0,0,0,0,0,0,0,0,0,0,0,0,0,0,0,0,0,100,50,0,0,0,0,09:30:00,1
2026-07-31 09:30:32.385000+05:30,29.4,71.3,432,0,1,38,23.5,58.2,0,955.5,0,0,27.0,54.6,451,0,1,47,0,0,0,0,0,0,17.5,79.1,437,0,1,41,0,0,0,0,0,0,0,0,0,0,0,0,0,0,0,0,0,0,0,0,0,0,0,0,100,50,0,0,0,0,09:30:00,1
2026-07-31 09:30:37.384000+05:30,29.4,71.2,441,0,1,42,23.5,58.2,0,955.5,0,0,27.0,54.6,470,0,1,57,0,0,0,0,0,0,17.5,79.1,411,0,1,29,0,0,0,0,0,0,0,0,0,0,0,0,0,0,0,0,0,0,0,0,0,0,0,0,100,50,0,0,0,0,09:30:00,1
2026-07-31 09:30:42.378000+05:30,29.4,71.3,435,0,1,40,23.5,57.0,0,955.5,0,0,27.0,53.9,424,0,1,34,0,0,0,0,0,0,17.5,79.1,423,0,1,34,0,0,0,0,0,0,0,0,0,0,0,0,0,0,0,0,0,0,0,0,0,0,0,0,100,50,0,0,0,0,09:30:00,1
2026-07-31 09:30:47.378000+05:30,29.4,71.2,431,0,1,38,23.5,57.0,0,955.5,0,0,27.0,53.9,447,0,1,45,0,0,0,0,0,0,17.5,78.7,432,0,1,38,0,0,0,0,0,0,0,0,0,0,0,0,0,0,0,0,0,0,0,0,0,0,0,0,100,50,0,0,0,0,09:30:00,1
2026-07-31 09:30:52.381000+05:30,29.4,71.3,447,0,1,45,23.5,56.3,0,955.5,0,0,27.0,53.5,438,0,1,41,0,0,0,0,0,0,17.5,78.8,416,0,1,31,0,0,0,0,0,0,0,0,0,0,0,0,0,0,0,0,0,0,0,0,0,0,0,0,100,50,0,0,0,0,09:30:00,1
2026-07-31 09:30:57.382000+05:30,29.4,71.3,433,0,1,39,23.5,56.3,0,955.5,0,0,27.0,53.5,408,0,1,27,0,0,0,0,0,0,17.5,78.8,426,0,1,35,0,0,0,0,0,0,0,0,0,0,0,0,0,0,0,0,0,0,0,0,0,0,0,0,100,50,0,0,0,0,09:30:00,1
2026-07-31 09:31:02.382000+05:30,29.4,70.9,430,0,1,37,23.5,57.0,0,955.5,0,0,27.0,54.1,441,0,1,43,0,0,0,0,0,0,17.5,78.8,441,0,1,42,0,0,0,0,0,0,0,0,0,0,0,0,0,0,0,0,0,0,0,0,0,0,0,0,100,50,0,0,0,0,09:30:00,1
2026-07-31 09:31:07.443000+05:30,29.4,70.6,434,0,1,39,23.5,57.1,0,955.6,0,0,27.0,54.2,432,0,1,38,0,0,0,0,0,0,17.4,78.7,407,0,1,27,0,0,0,0,0,0,0,0,0,0,0,0,0,0,0,0,0,0,0,0,0,0,0,0,100,50,0,0,0,0,09:30:00,1
2026-07-31 09:31:12.383000+05:30,29.4,71.0,433,0,1,39,23.5,57.1,0,955.6,0,0,27.0,54.2,464,0,1,53,0,0,0,0,0,0,17.4,78.7,425,0,1,35,0,0,0,0,0,0,0,0,0,0,0,0,0,0,0,0,0,0,0,0,0,0,0,0,100,50,0,0,0,0,09:30:00,1
2026-07-31 09:31:17.383000+05:30,29.4,70.7,421,0,1,33,23.5,57.3,0,955.5,0,0,27.0,54.0,447,0,1,45,0,0,0,0,0,0,17.4,78.5,422,0,1,34,0,0,0,0,0,0,0,0,0,0,0,0,0,0,0,0,0,0,0,0,0,0,0,0,100,50,0,0,0,0,09:30:00,1
2026-07-31 09:31:22.384000+05:30,29.4,70.3,430,0,1,37,23.5,57.2,0,955.5,0,0,27.0,54.3,466,0,1,54,0,0,0,0,0,0,17.4,78.5,422,0,1,34,0,0,0,0,0,0,0,0,0,0,0,0,0,0,0,0,0,0,0,0,0,0,0,0,100,50,0,0,0,0,09:30:00,1
2026-07-31 09:31:27.382000+05:30,29.4,70.0,429,0,1,37,23.5,57.2,0,955.5,0,0,27.0,54.3,436,0,1,40,0,0,0,0,0,0,17.4,78.6,413,0,1,30,0,0,0,0,0,0,0,0,0,0,0,0,0,0,0,0,0,0,0,0,0,0,0,0,100,50,0,0,0,0,09:30:00,1
2026-07-31 09:31:32.502000+05:30,29.3,70.2,414,0,1,30,23.5,57.3,0,955.6,0,0,27.0,54.3,444,0,1,44,0,0,0,0,0,0,17.4,78.7,420,0,1,32,0,0,0,0,0,0,0,0,0,0,0,0,0,0,0,0,0,0,0,0,0,0,0,0,100,50,0,0,0,0,09:30:00,1
2026-07-31 09:31:37.383000+05:30,29.3,70.1,400,0,1,22,23.5,57.5,0,955.5,0,0,27.0,54.3,438,0,1,41,0,0,0,0,0,0,17.4,78.7,410,0,1,28,0,0,0,0,0,0,0,0,0,0,0,0,0,0,0,0,0,0,0,0,0,0,0,0,100,50,0,0,0,0,09:30:00,1
2026-07-31 09:31:42.382000+05:30,29.4,70.3,409,0,1,28,23.5,57.5,0,955.5,0,0,27.0,54.3,463,0,1,53,0,0,0,0,0,0,17.4,78.8,420,0,1,32,0,0,0,0,0,0,0,0,0,0,0,0,0,0,0,0,0,0,0,0,0,0,0,0,100,50,0,0,0,0,09:30:00,1
2026-07-31 09:31:47.382000+05:30,29.4,70.3,406,0,1,26,23.5,57.5,0,955.5,0,0,27.0,54.2,431,0,1,38,0,0,0,0,0,0,17.4,79.1,423,0,1,34,0,0,0,0,0,0,0,0,0,0,0,0,0,0,0,0,0,0,0,0,0,0,0,0,100,50,0,0,0,0,09:30:00,1
2026-07-31 09:31:52.382000+05:30,29.3,70.2,400,0,1,23,23.5,57.5,0,955.5,0,0,27.0,54.2,458,0,1,51,0,0,0,0,0,0,17.4,79.1,434,0,1,39,0,0,0,0,0,0,0,0,0,0,0,0,0,0,0,0,0,0,0,0,0,0,0,0,100,50,0,0,0,0,09:30:00,1
2026-07-31 09:31:57.382000+05:30,29.3,70.3,400,0,1,23,23.5,57.6,0,955.5,0,0,27.0,54.3,470,0,1,57,0,0,0,0,0,0,17.4,79.1,440,0,1,42,0,0,0,0,0,0,0,0,0,0,0,0,0,0,0,0,0,0,0,0,0,0,0,0,100,50,0,0,0,0,09:30:00,1
2026-07-31 09:32:02.382000+05:30,29.3,70.6,400,0,1,24,23.5,57.6,0,955.5,0,0,27.0,54.3,429,0,1,37,0,0,0,0,0,0,17.4,79.1,433,0,1,39,0,0,0,0,0,0,0,0,0,0,0,0,0,0,0,0,0,0,0,0,0,0,0,0,100,50,0,0,0,0,09:30:00,1
2026-07-31 09:32:07.382000+05:30,29.3,70.5,406,0,1,26,23.5,58.1,0,955.5,0,0,27.0,54.6,462,0,1,53,0,0,0,0,0,0,17.4,79.2,452,0,1,47,0,0,0,0,0,0,0,0,0,0,0,0,0,0,0,0,0,0,0,0,0,0,0,0,100,50,0,0,0,0,09:30:00,1
2026-07-31 09:32:12.382000+05:30,29.4,71.0,461,0,1,52,23.5,58.8,0,955.5,0,0,27.0,55.0,445,0,1,44,0,0,0,0,0,0,17.4,79.2,436,0,1,40,0,0,0,0,0,0,0,0,0,0,0,0,0,0,0,0,0,0,0,0,0,0,0,0,100,50,0,0,0,0,09:30:00,1
2026-07-31 09:32:17.383000+05:30,29.4,71.7,466,0,1,55,23.5,58.8,0,955.5,0,0,27.0,55.0,462,0,1,52,0,0,0,0,0,0,17.4,79.4,425,0,1,35,0,0,0,0,0,0,0,0,0,0,0,0,0,0,0,0,0,0,0,0,0,0,0,0,100,50,0,0,0,0,09:30:00,1
2026-07-31 09:32:22.383000+05:30,29.4,72.0,464,0,1,53,23.5,58.5,0,955.5,0,0,27.0,54.8,460,0,1,52,0,0,0,0,0,0,17.4,79.5,441,0,1,42,0,0,0,0,0,0,0,0,0,0,0,0,0,0,0,0,0,0,0,0,0,0,0,0,100,50,0,0,0,0,09:30:00,1
2026-07-31 09:32:27.379000+05:30,29.4,72.5,457,0,1,50,23.5,58.6,0,955.5,0,0,27.0,54.8,466,0,1,54,0,0,0,0,0,0,17.4,79.5,423,0,1,34,0,0,0,0,0,0,0,0,0,0,0,0,0,0,0,0,0,0,0,0,0,0,0,0,100,50,0,0,0,0,09:30:00,1
2026-07-31 09:32:32.393000+05:30,29.4,72.7,463,0,1,53,23.5,58.6,0,955.5,0,0,27.0,54.8,459,0,1,51,0,0,0,0,0,0,17.4,79.8,411,0,1,29,0,0,0,0,0,0,0,0,0,0,0,0,0,0,0,0,0,0,0,0,0,0,0,0,100,50,0,0,0,0,09:30:00,1
2026-07-31 09:32:37.380000+05:30,29.5,72.0,442,0,1,43,23.5,58.5,0,955.5,0,0,27.0,54.8,478,0,1,61,0,0,0,0,0,0,17.4,80.0,428,0,1,36,0,0,0,0,0,0,0,0,0,0,0,0,0,0,0,0,0,0,0,0,0,0,0,0,100,50,0,0,0,0,09:30:00,1
2026-07-31 09:32:42.382000+05:30,29.4,72.1,404,0,1,25,23.5,58.4,0,955.6,0,0,27.0,54.9,486,0,2,65,0,0,0,0,0,0,17.4,80.0,422,0,1,34,0,0,0,0,0,0,0,0,0,0,0,0,0,0,0,0,0,0,0,0,0,0,0,0,100,50,0,0,0,0,09:30:00,1
2026-07-31 09:32:47.380000+05:30,29.4,72.1,448,0,1,46,23.5,58.4,0,955.6,0,0,27.0,54.9,476,0,1,60,0,0,0,0,0,0,17.4,80.0,436,0,1,40,0,0,0,0,0,0,0,0,0,0,0,0,0,0,0,0,0,0,0,0,0,0,0,0,100,50,0,0,0,0,09:30:00,1
2026-07-31 09:32:52.390000+05:30,29.4,72.0,417,0,1,31,23.5,58.5,0,955.6,0,0,27.0,54.9,472,0,1,57,0,0,0,0,0,0,17.5,80.1,426,0,1,35,0,0,0,0,0,0,0,0,0,0,0,0,0,0,0,0,0,0,0,0,0,0,0,0,100,50,0,0,0,0,09:30:00,1
2026-07-31 09:32:57.382000+05:30,29.4,71.2,400,0,1,23,23.5,58.5,0,955.6,0,0,27.0,54.9,467,0,1,55,0,0,0,0,0,0,17.5,80.1,410,0,1,28,0,0,0,0,0,0,0,0,0,0,0,0,0,0,0,0,0,0,0,0,0,0,0,0,100,50,0,0,0,0,09:30:00,1
2026-07-31 09:33:02.380000+05:30,29.4,71.1,417,0,1,31,23.5,58.6,0,955.5,0,0,27.0,55.1,492,0,2,68,0,0,0,0,0,0,17.5,80.1,442,0,1,43,0,0,0,0,0,0,0,0,0,0,0,0,0,0,0,0,0,0,0,0,0,0,0,0,100,50,0,0,0,0,09:30:00,1
2026-07-31 09:33:07.380000+05:30,29.4,71.6,424,0,1,34,23.5,58.6,0,955.5,0,0,27.0,55.1,485,0,1,64,0,0,0,0,0,0,17.5,80.1,450,0,1,47,0,0,0,0,0,0,0,0,0,0,0,0,0,0,0,0,0,0,0,0,0,0,0,0,100,50,0,0,0,0,09:30:00,1
2026-07-31 09:33:12.381000+05:30,29.4,71.6,431,0,1,38,23.5,58.7,0,955.6,0,0,27.0,55.2,463,0,1,53,0,0,0,0,0,0,17.5,80.1,435,0,1,40,0,0,0,0,0,0,0,0,0,0,0,0,0,0,0,0,0,0,0,0,0,0,0,0,100,50,0,0,0,0,09:30:00,1
2026-07-31 09:33:17.380000+05:30,29.3,71.6,451,0,1,47,23.5,58.9,0,955.5,0,0,27.0,55.2,464,0,1,53,0,0,0,0,0,0,17.6,80.1,450,0,1,47,0,0,0,0,0,0,0,0,0,0,0,0,0,0,0,0,0,0,0,0,0,0,0,0,100,50,0,0,0,0,09:30:00,1
2026-07-31 09:33:22.380000+05:30,29.4,71.5,427,0,1,36,23.5,58.9,0,955.5,0,0,27.0,55.2,456,0,1,50,0,0,0,0,0,0,17.6,80.1,470,0,1,56,0,0,0,0,0,0,0,0,0,0,0,0,0,0,0,0,0,0,0,0,0,0,0,0,100,50,0,0,0,0,09:30:00,1
2026-07-31 09:33:27.380000+05:30,29.4,71.3,428,0,1,36,23.5,58.8,0,955.5,0,0,27.1,55.2,477,0,1,60,0,0,0,0,0,0,17.6,80.0,438,0,1,41,0,0,0,0,0,0,0,0,0,0,0,0,0,0,0,0,0,0,0,0,0,0,0,0,100,50,0,0,0,0,09:30:00,1
2026-07-31 09:33:32.380000+05:30,29.4,71.2,405,0,1,26,23.5,58.8,0,955.5,0,0,27.1,55.2,466,0,1,55,0,0,0,0,0,0,17.6,79.7,435,0,1,40,0,0,0,0,0,0,0,0,0,0,0,0,0,0,0,0,0,0,0,0,0,0,0,0,100,50,0,0,0,0,09:30:00,1
2026-07-31 09:33:37.380000+05:30,29.4,70.7,443,0,1,43,23.5,58.8,0,955.5,0,0,27.1,55.2,480,0,1,62,0,0,0,0,0,0,17.6,79.7,426,0,1,35,0,0,0,0,0,0,0,0,0,0,0,0,0,0,0,0,0,0,0,0,0,0,0,0,100,50,0,0,0,0,09:30:00,1
2026-07-31 09:33:42.380000+05:30,29.3,70.5,421,0,1,33,23.5,58.8,0,955.5,0,0,27.1,55.2,472,0,1,57,0,0,0,0,0,0,17.6,79.5,433,0,1,39,0,0,0,0,0,0,0,0,0,0,0,0,0,0,0,0,0,0,0,0,0,0,0,0,100,50,0,0,0,0,09:30:00,1
2026-07-31 09:33:47.380000+05:30,29.3,70.4,414,0,1,30,23.5,58.9,0,955.5,0,0,27.0,55.2,481,0,1,62,0,0,0,0,0,0,17.6,79.5,411,0,1,28,0,0,0,0,0,0,0,0,0,0,0,0,0,0,0,0,0,0,0,0,0,0,0,0,100,50,0,0,0,0,09:30:00,1
2026-07-31 09:33:52.379000+05:30,29.3,70.6,400,0,1,16,23.5,58.9,0,955.5,0,0,27.0,55.2,490,0,2,67,0,0,0,0,0,0,17.6,79.4,442,0,1,43,0,0,0,0,0,0,0,0,0,0,0,0,0,0,0,0,0,0,0,0,0,0,0,0,100,50,0,0,0,0,09:30:00,1
2026-07-31 09:33:57.380000+05:30,29.3,71.1,405,0,1,26,23.5,59.1,0,955.4,0,0,27.1,55.4,482,0,1,63,0,0,0,0,0,0,17.6,79.3,453,0,1,48,0,0,0,0,0,0,0,0,0,0,0,0,0,0,0,0,0,0,0,0,0,0,0,0,100,50,0,0,0,0,09:30:00,1
2026-07-31 09:34:02.379000+05:30,29.3,71.5,400,0,1,13,23.5,59.0,0,955.4,0,0,27.1,55.4,496,0,2,70,0,0,0,0,0,0,17.6,79.2,447,0,1,45,0,0,0,0,0,0,0,0,0,0,0,0,0,0,0,0,0,0,0,0,0,0,0,0,100,50,0,0,0,0,09:30:00,1
2026-07-31 09:34:07.380000+05:30,29.3,71.7,422,0,1,33,23.5,59.0,0,955.4,0,0,27.1,55.4,477,0,1,60,0,0,0,0,0,0,17.6,79.2,447,0,1,45,0,0,0,0,0,0,0,0,0,0,0,0,0,0,0,0,0,0,0,0,0,0,0,0,100,50,0,0,0,0,09:30:00,1
2026-07-31 09:34:12.379000+05:30,29.3,71.4,408,0,1,27,23.5,59.1,0,955.5,0,0,27.1,55.5,497,0,2,71,0,0,0,0,0,0,17.6,79.0,439,0,1,41,0,0,0,0,0,0,0,0,0,0,0,0,0,0,0,0,0,0,0,0,0,0,0,0,100,50,0,0,0,0,09:30:00,1
2026-07-31 09:34:17.379000+05:30,29.3,71.0,436,0,1,40,23.5,59.1,0,955.5,0,0,27.1,55.5,477,0,1,60,0,0,0,0,0,0,17.6,79.0,434,0,1,39,0,0,0,0,0,0,0,0,0,0,0,0,0,0,0,0,0,0,0,0,0,0,0,0,100,50,0,0,0,0,09:30:00,1
2026-07-31 09:34:22.379000+05:30,29.3,71.2,428,0,1,36,23.5,59.0,0,955.5,0,0,27.1,55.5,504,0,2,74,0,0,0,0,0,0,17.6,78.7,407,0,1,27,0,0,0,0,0,0,0,0,0,0,0,0,0,0,0,0,0,0,0,0,0,0,0,0,100,50,0,0,0,0,09:30:00,1
2026-07-31 09:34:27.379000+05:30,29.3,71.0,456,0,1,50,23.5,59.0,0,955.5,0,0,27.1,55.5,483,0,1,63,0,0,0,0,0,0,17.6,78.7,444,0,1,44,0,0,0,0,0,0,0,0,0,0,0,0,0,0,0,0,0,0,0,0,0,0,0,0,100,50,0,0,0,0,09:30:00,1
2026-07-31 09:34:32.379000+05:30,29.3,71.4,455,0,1,49,23.5,59.0,0,955.5,0,0,27.1,55.4,487,0,2,65,0,0,0,0,0,0,17.6,78.6,441,0,1,43,0,0,0,0,0,0,0,0,0,0,0,0,0,0,0,0,0,0,0,0,0,0,0,0,100,50,0,0,0,0,09:30:00,1
2026-07-31 09:34:37.379000+05:30,29.3,71.4,458,0,1,51,23.5,59.0,0,955.5,0,0,27.1,55.4,479,0,1,61,0,0,0,0,0,0,17.6,78.6,436,0,1,40,0,0,0,0,0,0,0,0,0,0,0,0,0,0,0,0,0,0,0,0,0,0,0,0,100,50,0,0,0,0,09:30:00,1
2026-07-31 09:34:42.378000+05:30,29.3,71.3,458,0,1,50,23.5,59.0,0,955.5,0,0,27.1,55.3,477,0,1,60,0,0,0,0,0,0,17.6,78.6,436,0,1,40,0,0,0,0,0,0,0,0,0,0,0,0,0,0,0,0,0,0,0,0,0,0,0,0,100,50,0,0,0,0,09:30:00,1
2026-07-31 09:34:47.378000+05:30,29.2,71.3,444,0,1,44,23.5,59.0,0,955.5,0,0,27.1,55.3,487,0,2,65,0,0,0,0,0,0,17.6,78.6,444,0,1,44,0,0,0,0,0,0,0,0,0,0,0,0,0,0,0,0,0,0,0,0,0,0,0,0,100,50,0,0,0,0,09:30:00,1
2026-07-31 09:34:52.379000+05:30,29.2,71.3,432,0,1,38,23.5,58.9,0,955.5,0,0,27.1,55.3,501,0,2,73,0,0,0,0,0,0,17.6,78.6,441,0,1,42,0,0,0,0,0,0,0,0,0,0,0,0,0,0,0,0,0,0,0,0,0,0,0,0,100,50,0,0,0,0,09:30:00,1
2026-07-31 09:34:57.378000+05:30,29.2,71.2,426,0,1,35,23.5,58.9,0,955.5,0,0,27.1,55.3,515,0,2,80,0,0,0,0,0,0,17.6,78.6,436,0,1,40,0,0,0,0,0,0,0,0,0,0,0,0,0,0,0,0,0,0,0,0,0,0,0,0,100,50,0,0,0,0,09:30:00,1
2026-07-31 09:35:02.378000+05:30,29.2,70.7,434,0,1,39,23.5,58.9,0,955.5,0,0,27.1,55.2,501,0,2,73,0,0,0,0,0,0,17.6,78.5,424,0,1,34,0,0,0,0,0,0,0,0,0,0,0,0,0,0,0,0,0,0,0,0,0,0,0,0,100,50,0,0,0,0,09:30:00,1
2026-07-31 09:35:07.378000+05:30,29.2,71.1,418,0,1,32,23.5,58.9,0,955.5,0,0,27.1,55.3,487,0,2,65,0,0,0,0,0,0,17.6,78.5,424,0,1,34,0,0,0,0,0,0,0,0,0,0,0,0,0,0,0,0,0,0,0,0,0,0,0,0,100,50,0,0,0,0,09:30:00,1
2026-07-31 09:35:12.384000+05:30,29.2,71.3,429,0,1,37,23.5,58.9,0,955.5,0,0,27.1,55.3,503,0,2,74,0,0,0,0,0,0,17.6,78.2,432,0,1,38,0,0,0,0,0,0,0,0,0,0,0,0,0,0,0,0,0,0,0,0,0,0,0,0,100,50,0,0,0,0,09:30:00,1
2026-07-31 09:35:17.378000+05:30,29.2,71.2,422,0,1,33,23.5,58.9,0,955.5,0,0,27.1,55.3,485,0,1,64,0,0,0,0,0,0,17.6,78.3,433,0,1,39,0,0,0,0,0,0,0,0,0,0,0,0,0,0,0,0,0,0,0,0,0,0,0,0,100,50,0,0,0,0,09:30:00,1
2026-07-31 09:35:22.382000+05:30,29.3,70.9,435,0,1,40,23.5,58.9,0,955.5,0,0,27.1,55.3,476,0,1,60,0,0,0,0,0,0,17.6,78.3,421,0,1,33,0,0,0,0,0,0,0,0,0,0,0,0,0,0,0,0,0,0,0,0,0,0,0,0,100,50,0,0,0,0,09:30:00,1
2026-07-31 09:35:27.383000+05:30,29.3,71.0,422,0,1,34,23.5,58.9,0,955.5,0,0,27.1,55.3,504,0,2,74,0,0,0,0,0,0,17.5,78.3,439,0,1,41,0,0,0,0,0,0,0,0,0,0,0,0,0,0,0,0,0,0,0,0,0,0,0,0,100,50,0,0,0,0,09:30:00,1
2026-07-31 09:35:32.384000+05:30,29.3,70.7,426,0,1,35,23.5,58.9,0,955.5,0,0,27.1,55.3,500,0,2,72,0,0,0,0,0,0,17.5,78.3,431,0,1,38,0,0,0,0,0,0,0,0,0,0,0,0,0,0,0,0,0,0,0,0,0,0,0,0,100,50,0,0,0,0,09:30:00,1
2026-07-31 09:35:37.384000+05:30,29.3,70.2,429,0,1,37,23.5,58.9,0,955.5,0,0,27.1,55.3,509,0,2,77,0,0,0,0,0,0,17.6,78.3,426,0,1,35,0,0,0,0,0,0,0,0,0,0,0,0,0,0,0,0,0,0,0,0,0,0,0,0,100,50,0,0,0,0,09:30:00,1
2026-07-31 09:35:42.383000+05:30,29.4,70.4,453,0,1,48,23.5,58.7,0,955.4,0,0,27.1,55.3,479,0,1,61,0,0,0,0,0,0,17.6,78.3,412,0,1,29,0,0,0,0,0,0,0,0,0,0,0,0,0,0,0,0,0,0,0,0,0,0,0,0,100,50,0,0,0,0,09:30:00,1
2026-07-31 09:35:47.383000+05:30,29.4,71.1,492,0,2,68,23.5,58.7,0,955.4,0,0,27.1,55.3,496,0,2,70,0,0,0,0,0,0,17.6,78.0,415,0,1,30,0,0,0,0,0,0,0,0,0,0,0,0,0,0,0,0,0,0,0,0,0,0,0,0,100,50,0,0,0,0,09:30:00,1
2026-07-31 09:35:52.383000+05:30,29.4,71.8,470,0,1,56,23.5,58.8,0,955.5,0,0,27.1,55.3,526,0,2,86,0,0,0,0,0,0,17.6,77.9,417,0,1,31,0,0,0,0,0,0,0,0,0,0,0,0,0,0,0,0,0,0,0,0,0,0,0,0,100,50,0,0,0,0,09:30:00,1
2026-07-31 09:35:57.383000+05:30,29.4,72.3,506,0,2,76,23.5,58.8,0,955.5,0,0,27.1,55.3,506,0,2,76,0,0,0,0,0,0,17.6,77.9,441,0,1,42,0,0,0,0,0,0,0,0,0,0,0,0,0,0,0,0,0,0,0,0,0,0,0,0,100,50,0,0,0,0,09:30:00,1
2026-07-31 09:36:02.383000+05:30,29.4,72.7,498,0,2,71,23.5,58.8,0,955.5,0,0,27.1,55.2,515,0,2,80,0,0,0,0,0,0,17.6,78.0,437,0,1,40,0,0,0,0,0,0,0,0,0,0,0,0,0,0,0,0,0,0,0,0,0,0,0,0,100,50,0,0,0,0,09:30:00,1
2026-07-31 09:36:07.383000+05:30,29.4,73.0,497,0,2,71,23.5,58.8,0,955.5,0,0,27.1,55.1,534,0,2,91,0,0,0,0,0,0,17.6,78.1,433,0,1,39,0,0,0,0,0,0,0,0,0,0,0,0,0,0,0,0,0,0,0,0,0,0,0,0,100,50,0,0,0,0,09:30:00,1
2026-07-31 09:36:12.386000+05:30,29.4,73.1,500,0,2,72,23.5,58.8,0,955.5,0,0,27.1,55.1,490,0,2,67,0,0,0,0,0,0,17.6,78.1,438,0,1,41,0,0,0,0,0,0,0,0,0,0,0,0,0,0,0,0,0,0,0,0,0,0,0,0,100,50,0,0,0,0,09:30:00,1
2026-07-31 09:36:17.383000+05:30,29.4,73.1,494,0,2,69,23.5,58.8,0,955.5,0,0,27.1,55.1,521,0,2,84,0,0,0,0,0,0,17.6,78.2,451,0,1,47,0,0,0,0,0,0,0,0,0,0,0,0,0,0,0,0,0,0,0,0,0,0,0,0,100,50,0,0,0,0,09:30:00,1
2026-07-31 09:36:22.393000+05:30,29.4,73.1,480,0,1,62,23.5,58.8,0,955.4,0,0,27.2,55.2,500,0,2,72,0,0,0,0,0,0,17.6,78.3,453,0,1,48,0,0,0,0,0,0,0,0,0,0,0,0,0,0,0,0,0,0,0,0,0,0,0,0,100,50,0,0,0,0,09:30:00,1
2026-07-31 09:36:27.381000+05:30,29.4,73.1,486,0,2,65,23.5,58.8,0,955.4,0,0,27.2,55.2,522,0,2,84,0,0,0,0,0,0,17.6,78.3,437,0,1,41,0,0,0,0,0,0,0,0,0,0,0,0,0,0,0,0,0,0,0,0,0,0,0,0,100,50,0,0,0,0,09:30:00,1
2026-07-31 09:36:32.380000+05:30,29.4,73.3,481,0,1,62,23.6,58.7,0,955.5,0,0,27.2,55.1,518,0,2,82,0,0,0,0,0,0,17.6,78.3,447,0,1,45,0,0,0,0,0,0,0,0,0,0,0,0,0,0,0,0,0,0,0,0,0,0,0,0,100,50,0,0,0,0,09:30:00,1
2026-07-31 09:36:37.380000+05:30,29.4,73.4,464,0,1,53,23.6,58.7,0,955.5,0,0,27.2,55.0,548,0,2,99,0,0,0,0,0,0,17.6,78.3,445,0,1,44,0,0,0,0,0,0,0,0,0,0,0,0,0,0,0,0,0,0,0,0,0,0,0,0,100,50,0,0,0,0,09:30:00,1
2026-07-31 09:36:42.389000+05:30,29.4,73.5,527,0,2,87,23.6,58.7,0,955.5,0,0,27.2,55.0,515,0,2,80,0,0,0,0,0,0,17.6,78.3,442,0,1,43,0,0,0,0,0,0,0,0,0,0,0,0,0,0,0,0,0,0,0,0,0,0,0,0,100,50,0,0,0,0,09:30:00,1
2026-07-31 09:36:47.386000+05:30,29.5,73.5,493,0,2,68,23.6,58.7,0,955.5,0,0,27.2,55.0,533,0,2,91,0,0,0,0,0,0,17.6,78.2,427,0,1,36,0,0,0,0,0,0,0,0,0,0,0,0,0,0,0,0,0,0,0,0,0,0,0,0,100,50,0,0,0,0,09:30:00,1
2026-07-31 09:36:52.380000+05:30,29.5,73.5,462,0,1,53,23.6,58.7,0,955.5,0,0,27.2,55.0,520,0,2,83,0,0,0,0,0,0,17.6,78.2,427,0,1,36,0,0,0,0,0,0,0,0,0,0,0,0,0,0,0,0,0,0,0,0,0,0,0,0,100,50,0,0,0,0,09:30:00,1
2026-07-31 09:36:57.379000+05:30,29.4,73.4,489,0,2,66,23.6,58.7,0,955.5,0,0,27.2,55.0,521,0,2,83,0,0,0,0,0,0,17.6,78.2,424,0,1,34,0,0,0,0,0,0,0,0,0,0,0,0,0,0,0,0,0,0,0,0,0,0,0,0,100,50,0,0,0,0,09:30:00,1
2026-07-31 09:37:02.379000+05:30,29.5,73.5,503,0,2,74,23.6,58.8,0,955.5,0,0,27.2,55.0,532,0,2,90,0,0,0,0,0,0,17.5,78.4,412,0,1,29,0,0,0,0,0,0,0,0,0,0,0,0,0,0,0,0,0,0,0,0,0,0,0,0,100,50,0,0,0,0,09:30:00,1
2026-07-31 09:37:07.381000+05:30,29.5,73.4,467,0,1,55,23.6,58.8,0,955.5,0,0,27.2,55.0,522,0,2,84,0,0,0,0,0,0,17.5,78.4,407,0,1,27,0,0,0,0,0,0,0,0,0,0,0,0,0,0,0,0,0,0,0,0,0,0,0,0,100,50,0,0,0,0,09:30:00,1
2026-07-31 09:37:12.382000+05:30,29.5,73.5,476,0,1,60,23.6,58.8,0,955.5,0,0,27.2,55.0,538,0,2,93,0,0,0,0,0,0,17.6,78.5,414,0,1,30,0,0,0,0,0,0,0,0,0,0,0,0,0,0,0,0,0,0,0,0,0,0,0,0,100,50,0,0,0,0,09:30:00,1
2026-07-31 09:37:17.386000+05:30,29.5,73.5,478,0,1,61,23.6,58.7,0,955.5,0,0,27.2,55.0,533,0,2,90,0,0,0,0,0,0,17.6,78.5,420,0,1,33,0,0,0,0,0,0,0,0,0,0,0,0,0,0,0,0,0,0,0,0,0,0,0,0,100,50,0,0,0,0,09:30:00,1
2026-07-31 09:37:22.380000+05:30,29.5,73.5,472,0,1,57,23.6,58.7,0,955.5,0,0,27.2,55.0,525,0,2,86,0,0,0,0,0,0,17.6,78.4,425,0,1,35,0,0,0,0,0,0,0,0,0,0,0,0,0,0,0,0,0,0,0,0,0,0,0,0,100,50,0,0,0,0,09:30:00,1
2026-07-31 09:37:27.382000+05:30,29.5,73.4,476,0,1,60,23.6,58.7,0,955.5,0,0,27.2,54.9,539,0,2,94,0,0,0,0,0,0,17.6,78.5,407,0,1,27,0,0,0,0,0,0,0,0,0,0,0,0,0,0,0,0,0,0,0,0,0,0,0,0,100,50,0,0,0,0,09:30:00,1
2026-07-31 09:37:32.379000+05:30,29.5,73.3,462,0,1,52,23.6,58.7,0,955.6,0,0,27.2,55.0,528,0,2,87,0,0,0,0,0,0,17.5,78.5,424,0,1,34,0,0,0,0,0,0,0,0,0,0,0,0,0,0,0,0,0,0,0,0,0,0,0,0,100,50,0,0,0,0,09:30:00,1
2026-07-31 09:37:37.382000+05:30,29.5,73.3,451,0,1,47,23.6,58.7,0,955.4,0,0,27.2,55.0,531,0,2,90,0,0,0,0,0,0,17.5,78.5,417,0,1,31,0,0,0,0,0,0,0,0,0,0,0,0,0,0,0,0,0,0,0,0,0,0,0,0,100,50,0,0,0,0,09:30:00,1
2026-07-31 09:37:42.380000+05:30,29.5,73.3,476,0,1,60,23.6,58.7,0,955.4,0,0,27.2,55.0,534,0,2,91,0,0,0,0,0,0,17.6,78.6,430,0,1,37,0,0,0,0,0,0,0,0,0,0,0,0,0,0,0,0,0,0,0,0,0,0,0,0,100,50,0,0,0,0,09:30:00,1
2026-07-31 09:37:47.379000+05:30,29.5,72.9,460,0,1,51,23.6,58.8,0,955.5,0,0,27.2,55.0,536,0,2,92,0,0,0,0,0,0,17.6,78.5,413,0,1,29,0,0,0,0,0,0,0,0,0,0,0,0,0,0,0,0,0,0,0,0,0,0,0,0,100,50,0,0,0,0,09:30:00,1
2026-07-31 09:37:52.379000+05:30,29.5,73.2,472,0,1,57,23.6,58.8,0,955.5,0,0,27.2,55.0,547,0,2,98,0,0,0,0,0,0,17.6,78.5,432,0,1,38,0,0,0,0,0,0,0,0,0,0,0,0,0,0,0,0,0,0,0,0,0,0,0,0,100,50,0,0,0,0,09:30:00,1
2026-07-31 09:37:57.379000+05:30,29.5,73.2,482,0,1,63,23.6,58.7,0,955.5,0,0,27.2,54.9,543,0,2,96,0,0,0,0,0,0,17.6,78.4,430,0,1,37,0,0,0,0,0,0,0,0,0,0,0,0,0,0,0,0,0,0,0,0,0,0,0,0,100,50,0,0,0,0,09:30:00,1
2026-07-31 09:38:02.379000+05:30,29.5,73.1,468,0,1,55,23.6,58.7,0,955.4,0,0,27.2,55.0,515,0,2,80,0,0,0,0,0,0,17.6,78.3,416,0,1,31,0,0,0,0,0,0,0,0,0,0,0,0,0,0,0,0,0,0,0,0,0,0,0,0,100,50,0,0,0,0,09:30:00,1
2026-07-31 09:38:07.379000+05:30,29.5,72.3,460,0,1,51,23.6,58.7,0,955.4,0,0,27.2,55.0,526,0,2,86,0,0,0,0,0,0,17.6,78.3,417,0,1,31,0,0,0,0,0,0,0,0,0,0,0,0,0,0,0,0,0,0,0,0,0,0,0,0,100,50,0,0,0,0,09:30:00,1
2026-07-31 09:38:12.379000+05:30,29.5,71.7,452,0,1,48,23.6,58.7,0,955.4,0,0,27.2,55.0,526,0,2,86,0,0,0,0,0,0,17.6,78.3,417,0,1,31,0,0,0,0,0,0,0,0,0,0,0,0,0,0,0,0,0,0,0,0,0,0,0,0,100,50,0,0,0,0,09:30:00,1
2026-07-31 09:38:17.378000+05:30,29.5,71.3,421,0,1,33,23.6,58.7,0,955.4,0,0,27.2,55.1,518,0,2,82,0,0,0,0,0,0,17.6,78.2,443,0,1,43,0,0,0,0,0,0,0,0,0,0,0,0,0,0,0,0,0,0,0,0,0,0,0,0,100,50,0,0,0,0,09:30:00,1
2026-07-31 09:38:22.379000+05:30,29.5,71.4,416,0,1,31,23.6,58.7,0,955.5,0,0,27.2,55.1,526,0,2,86,0,0,0,0,0,0,17.6,78.1,436,0,1,40,0,0,0,0,0,0,0,0,0,0,0,0,0,0,0,0,0,0,0,0,0,0,0,0,100,50,0,0,0,0,09:30:00,1
2026-07-31 09:38:27.379000+05:30,29.5,71.2,447,0,1,45,23.6,58.6,0,955.5,0,0,27.2,55.1,550,0,2,100,0,0,0,0,0,0,17.6,78.1,434,0,1,39,0,0,0,0,0,0,0,0,0,0,0,0,0,0,0,0,0,0,0,0,0,0,0,0,100,50,0,0,0,0,09:30:00,1
2026-07-31 09:38:32.383000+05:30,29.5,71.3,459,0,1,51,23.6,58.6,0,955.5,0,0,27.2,55.1,543,0,2,96,0,0,0,0,0,0,17.6,78.1,458,0,1,50,0,0,0,0,0,0,0,0,0,0,0,0,0,0,0,0,0,0,0,0,0,0,0,0,100,50,0,0,0,0,09:30:00,1
2026-07-31 09:38:37.382000+05:30,29.5,71.3,452,0,1,47,23.6,58.8,0,955.4,0,0,27.2,55.1,536,0,2,92,0,0,0,0,0,0,17.6,78.1,451,0,1,47,0,0,0,0,0,0,0,0,0,0,0,0,0,0,0,0,0,0,0,0,0,0,0,0,100,50,0,0,0,0,09:30:00,1
2026-07-31 09:38:42.380000+05:30,29.4,71.6,465,0,1,54,23.6,58.7,0,955.5,0,0,27.2,55.1,503,0,2,74,0,0,0,0,0,0,17.6,78.1,476,0,1,60,0,0,0,0,0,0,0,0,0,0,0,0,0,0,0,0,0,0,0,0,0,0,0,0,100,50,0,0,0,0,09:30:00,1
2026-07-31 09:38:47.385000+05:30,29.4,71.4,460,0,1,52,23.6,58.7,0,955.5,0,0,27.2,55.1,529,0,2,88,0,0,0,0,0,0,17.6,78.1,465,0,1,54,0,0,0,0,0,0,0,0,0,0,0,0,0,0,0,0,0,0,0,0,0,0,0,0,100,50,0,0,0,0,09:30:00,1
2026-07-31 09:38:52.384000+05:30,29.4,71.3,450,0,1,47,23.6,58.7,0,955.4,0,0,27.2,55.0,547,0,2,99,0,0,0,0,0,0,17.5,78.3,461,0,1,52,0,0,0,0,0,0,0,0,0,0,0,0,0,0,0,0,0,0,0,0,0,0,0,0,100,50,0,0,0,0,09:30:00,1
2026-07-31 09:38:57.379000+05:30,29.5,71.1,451,0,1,47,23.6,58.7,0,955.5,0,0,27.2,55.0,533,0,2,90,0,0,0,0,0,0,17.5,78.3,474,0,1,58,0,0,0,0,0,0,0,0,0,0,0,0,0,0,0,0,0,0,0,0,0,0,0,0,100,50,0,0,0,0,09:30:00,1
2026-07-31 09:39:02.378000+05:30,29.4,70.7,445,0,1,44,23.6,58.7,0,955.5,0,0,27.2,55.0,522,0,2,84,0,0,0,0,0,0,17.5,78.3,457,0,1,50,0,0,0,0,0,0,0,0,0,0,0,0,0,0,0,0,0,0,0,0,0,0,0,0,100,50,0,0,0,0,09:30:00,1
2026-07-31 09:39:07.379000+05:30,29.5,70.5,443,0,1,43,23.6,58.7,0,955.5,0,0,27.2,55.0,522,0,2,84,0,0,0,0,0,0,17.5,78.3,457,0,1,50,0,0,0,0,0,0,0,0,0,0,0,0,0,0,0,0,0,0,0,0,0,0,0,0,100,50,0,0,0,0,09:30:00,1
2026-07-31 09:39:12.378000+05:30,29.4,70.3,433,0,1,38,23.6,58.7,0,955.5,0,0,27.2,55.0,524,0,2,86,0,0,0,0,0,0,17.5,78.2,434,0,1,39,0,0,0,0,0,0,0,0,0,0,0,0,0,0,0,0,0,0,0,0,0,0,0,0,100,50,0,0,0,0,09:30:00,1
2026-07-31 09:39:17.378000+05:30,29.4,70.2,440,0,1,42,23.6,58.7,0,955.5,0,0,27.2,55.2,566,0,2,110,0,0,0,0,0,0,17.5,78.2,465,0,1,54,0,0,0,0,0,0,0,0,0,0,0,0,0,0,0,0,0,0,0,0,0,0,0,0,100,50,0,0,0,0,09:30:00,1
2026-07-31 09:39:22.531000+05:30,29.4,70.4,454,0,1,48,23.6,58.7,0,955.4,0,0,27.2,55.3,524,0,2,85,0,0,0,0,0,0,17.5,78.2,452,0,1,48,0,0,0,0,0,0,0,0,0,0,0,0,0,0,0,0,0,0,0,0,0,0,0,0,100,50,0,0,0,0,09:30:00,1
2026-07-31 09:39:27.383000+05:30,29.4,70.4,464,0,1,53,23.6,58.7,0,955.4,0,0,27.2,55.3,537,0,2,93,0,0,0,0,0,0,17.5,78.2,441,0,1,42,0,0,0,0,0,0,0,0,0,0,0,0,0,0,0,0,0,0,0,0,0,0,0,0,100,50,0,0,0,0,09:30:00,1
2026-07-31 09:39:32.378000+05:30,29.5,70.5,480,0,1,62,23.6,58.6,0,955.5,0,0,27.2,55.1,543,0,2,96,0,0,0,0,0,0,17.5,78.4,426,0,1,35,0,0,0,0,0,0,0,0,0,0,0,0,0,0,0,0,0,0,0,0,0,0,0,0,100,50,0,0,0,0,09:30:00,1
2026-07-31 09:39:37.378000+05:30,29.5,70.5,446,0,1,45,23.6,58.6,0,955.5,0,0,27.2,55.1,556,0,2,104,0,0,0,0,0,0,17.5,78.4,450,0,1,47,0,0,0,0,0,0,0,0,0,0,0,0,0,0,0,0,0,0,0,0,0,0,0,0,100,50,0,0,0,0,09:30:00,1
2026-07-31 09:39:42.378000+05:30,29.4,70.8,440,0,1,42,23.6,58.6,0,955.5,0,0,27.2,55.0,554,0,2,103,0,0,0,0,0,0,17.4,78.4,447,0,1,45,0,0,0,0,0,0,0,0,0,0,0,0,0,0,0,0,0,0,0,0,0,0,0,0,100,50,0,0,0,0,09:30:00,1
2026-07-31 09:39:47.383000+05:30,29.4,71.0,400,0,1,13,23.6,58.6,0,955.5,0,0,27.2,55.0,539,0,2,94,0,0,0,0,0,0,17.4,78.4,413,0,1,29,0,0,0,0,0,0,0,0,0,0,0,0,0,0,0,0,0,0,0,0,0,0,0,0,100,50,0,0,0,0,09:30:00,1
2026-07-31 09:39:52.383000+05:30,29.4,71.1,400,0,1,18,23.6,58.6,0,955.5,0,0,27.2,55.0,557,0,2,105,0,0,0,0,0,0,17.4,78.5,409,0,1,28,0,0,0,0,0,0,0,0,0,0,0,0,0,0,0,0,0,0,0,0,0,0,0,0,100,50,0,0,0,0,09:30:00,1
2026-07-31 09:39:57.380000+05:30,29.4,70.8,400,0,1,21,23.6,58.6,0,955.5,0,0,27.2,54.8,545,0,2,98,0,0,0,0,0,0,17.3,78.8,426,0,1,35,0,0,0,0,0,0,0,0,0,0,0,0,0,0,0,0,0,0,0,0,0,0,0,0,100,50,0,0,0,0,09:30:00,1
2026-07-31 09:40:02.383000+05:30,29.4,70.8,418,0,1,32,23.6,58.6,0,955.5,0,0,27.2,54.8,552,0,2,101,0,0,0,0,0,0,17.3,78.8,415,0,1,30,0,0,0,0,0,0,0,0,0,0,0,0,0,0,0,0,0,0,0,0,0,0,0,0,100,50,0,0,0,0,09:40:00,2
2026-07-31 09:40:07.383000+05:30,29.4,71.1,419,0,1,32,23.6,58.6,0,955.6,0,0,27.2,54.8,537,0,2,93,0,0,0,0,0,0,17.3,79.1,423,0,1,34,0,0,0,0,0,0,0,0,0,0,0,0,0,0,0,0,0,0,0,0,0,0,0,0,100,50,0,0,0,0,09:40:00,2
2026-07-31 09:40:12.384000+05:30,29.4,71.0,430,0,1,37,23.6,58.6,0,955.1,0,0,27.2,54.8,557,0,2,105,0,0,0,0,0,0,17.2,79.4,453,0,1,48,0,0,0,0,0,0,0,0,0,0,0,0,0,0,0,0,0,0,0,0,0,0,0,0,100,50,0,0,0,0,09:40:00,2
2026-07-31 09:40:17.378000+05:30,29.4,71.0,407,0,1,27,23.6,58.6,0,955.1,0,0,27.2,54.8,538,0,2,93,0,0,0,0,0,0,17.2,79.4,453,0,1,48,0,0,0,0,0,0,0,0,0,0,0,0,0,0,0,0,0,0,0,0,0,0,0,0,100,50,0,0,0,0,09:40:00,2
2026-07-31 09:40:22.382000+05:30,29.4,71.2,400,0,1,22,23.6,58.6,0,955.5,0,0,27.2,56.3,559,0,2,106,0,0,0,0,0,0,17.3,80.3,447,0,1,45,0,0,0,0,0,0,0,0,0,0,0,0,0,0,0,0,0,0,0,0,0,0,0,0,100,50,0,0,0,0,09:40:00,2
2026-07-31 09:40:27.382000+05:30,29.4,70.9,412,0,1,29,23.6,58.6,0,955.5,0,0,27.2,56.3,570,0,2,112,0,0,0,0,0,0,17.3,80.3,444,0,1,44,0,0,0,0,0,0,0,0,0,0,0,0,0,0,0,0,0,0,0,0,0,0,0,0,100,50,0,0,0,0,09:40:00,2
2026-07-31 09:40:32.381000+05:30,29.4,70.7,442,0,1,43,23.6,60.0,0,955.5,0,0,27.3,57.2,576,0,2,116,0,0,0,0,0,0,17.4,80.4,455,0,1,49,0,0,0,0,0,0,0,0,0,0,0,0,0,0,0,0,0,0,0,0,0,0,0,0,100,50,0,0,0,0,09:40:00,2
2026-07-31 09:40:37.382000+05:30,29.3,70.8,441,0,1,42,23.6,60.0,0,955.5,0,0,27.3,57.2,576,0,2,116,0,0,0,0,0,0,17.4,80.4,455,0,1,49,0,0,0,0,0,0,0,0,0,0,0,0,0,0,0,0,0,0,0,0,0,0,0,0,100,50,0,0,0,0,09:40:00,2
2026-07-31 09:40:42.382000+05:30,29.3,71.5,409,0,1,28,23.6,60.0,0,955.5,0,0,27.3,57.2,552,0,2,101,0,0,0,0,0,0,17.4,80.4,452,0,1,48,0,0,0,0,0,0,0,0,0,0,0,0,0,0,0,0,0,0,0,0,0,0,0,0,100,50,0,0,0,0,09:40:00,2
2026-07-31 09:40:47.382000+05:30,29.4,71.6,428,0,1,36,23.6,59.7,0,955.6,0,0,27.2,56.8,551,0,2,101,0,0,0,0,0,0,17.4,80.4,468,0,1,55,0,0,0,0,0,0,0,0,0,0,0,0,0,0,0,0,0,0,0,0,0,0,0,0,100,50,0,0,0,0,09:40:00,2
2026-07-31 09:40:52.382000+05:30,29.3,71.6,427,0,1,36,23.6,59.7,0,955.6,0,0,27.2,56.8,551,0,2,101,0,0,0,0,0,0,17.4,80.4,468,0,1,55,0,0,0,0,0,0,0,0,0,0,0,0,0,0,0,0,0,0,0,0,0,0,0,0,100,50,0,0,0,0,09:40:00,2
2026-07-31 09:40:57.382000+05:30,29.3,71.5,400,0,1,23,23.6,59.8,0,955.5,0,0,27.3,57.2,590,0,2,125,0,0,0,0,0,0,17.4,80.4,464,0,1,53,0,0,0,0,0,0,0,0,0,0,0,0,0,0,0,0,0,0,0,0,0,0,0,0,100,50,0,0,0,0,09:40:00,2
2026-07-31 09:41:02.382000+05:30,29.3,71.4,408,0,1,27,23.6,59.8,0,955.5,0,0,27.3,57.2,564,0,2,109,0,0,0,0,0,0,17.4,80.4,454,0,1,49,0,0,0,0,0,0,0,0,0,0,0,0,0,0,0,0,0,0,0,0,0,0,0,0,100,50,0,0,0,0,09:40:00,2
2026-07-31 09:41:07.382000+05:30,29.3,71.5,423,0,1,34,23.6,59.6,0,955.6,0,0,27.3,57.3,568,0,2,111,0,0,0,0,0,0,17.4,80.4,438,0,1,41,0,0,0,0,0,0,0,0,0,0,0,0,0,0,0,0,0,0,0,0,0,0,0,0,100,50,0,0,0,0,09:40:00,2
2026-07-31 09:41:12.381000+05:30,29.3,71.7,421,0,1,33,23.6,59.7,0,955.5,0,0,27.3,57.1,571,0,2,113,0,0,0,0,0,0,17.4,80.5,444,0,1,44,0,0,0,0,0,0,0,0,0,0,0,0,0,0,0,0,0,0,0,0,0,0,0,0,100,50,0,0,0,0,09:40:00,2
2026-07-31 09:41:17.381000+05:30,29.3,71.6,430,0,1,37,23.6,59.7,0,955.5,0,0,27.3,57.1,553,0,2,102,0,0,0,0,0,0,17.4,80.5,429,0,1,37,0,0,0,0,0,0,0,0,0,0,0,0,0,0,0,0,0,0,0,0,0,0,0,0,100,50,0,0,0,0,09:40:00,2
2026-07-31 09:41:22.385000+05:30,29.3,71.5,413,0,1,29,23.6,59.9,0,955.5,0,0,27.3,57.3,573,0,2,114,0,0,0,0,0,0,17.4,80.5,452,0,1,48,0,0,0,0,0,0,0,0,0,0,0,0,0,0,0,0,0,0,0,0,0,0,0,0,100,50,0,0,0,0,09:40:00,2
2026-07-31 09:41:27.378000+05:30,29.3,72.0,427,0,1,36,23.6,59.9,0,955.6,0,0,27.3,57.5,581,0,2,120,0,0,0,0,0,0,17.4,80.7,433,0,1,39,0,0,0,0,0,0,0,0,0,0,0,0,0,0,0,0,0,0,0,0,0,0,0,0,100,50,0,0,0,0,09:40:00,2
2026-07-31 09:41:32.428000+05:30,29.3,71.7,407,0,1,27,23.6,60.1,0,955.6,0,0,27.4,57.6,578,0,2,117,0,0,0,0,0,0,17.4,80.8,435,0,1,39,0,0,0,0,0,0,0,0,0,0,0,0,0,0,0,0,0,0,0,0,0,0,0,0,100,50,0,0,0,0,09:40:00,2
2026-07-31 09:41:37.410000+05:30,29.3,71.4,400,0,1,22,23.7,60.0,0,955.6,0,0,27.4,57.7,589,0,2,125,0,0,0,0,0,0,17.5,81.0,452,0,1,47,0,0,0,0,0,0,0,0,0,0,0,0,0,0,0,0,0,0,0,0,0,0,0,0,100,50,0,0,0,0,09:40:00,2
2026-07-31 09:41:42.403000+05:30,29.3,71.3,409,0,1,28,23.7,60.0,0,955.6,0,0,27.4,57.7,599,0,2,131,0,0,0,0,0,0,17.5,81.0,460,0,1,52,0,0,0,0,0,0,0,0,0,0,0,0,0,0,0,0,0,0,0,0,0,0,0,0,100,50,0,0,0,0,09:40:00,2
2026-07-31 09:41:47.387000+05:30,29.2,71.4,404,0,1,25,23.7,60.0,0,955.6,0,0,27.4,57.7,599,0,2,131,0,0,0,0,0,0,17.5,81.0,460,0,1,52,0,0,0,0,0,0,0,0,0,0,0,0,0,0,0,0,0,0,0,0,0,0,0,0,100,50,0,0,0,0,09:40:00,2
2026-07-31 09:41:52.451000+05:30,29.3,71.5,400,0,1,11,23.7,60.0,0,955.4,0,0,27.4,57.7,591,0,2,126,0,0,0,0,0,0,17.5,81.2,431,0,1,38,0,0,0,0,0,0,0,0,0,0,0,0,0,0,0,0,0,0,0,0,0,0,0,0,100,50,0,0,0,0,09:40:00,2
2026-07-31 09:41:57.380000+05:30,29.3,71.7,400,0,1,21,23.7,60.0,0,955.5,0,0,27.4,57.7,585,0,2,122,0,0,0,0,0,0,17.5,81.1,442,0,1,43,0,0,0,0,0,0,0,0,0,0,0,0,0,0,0,0,0,0,0,0,0,0,0,0,100,50,0,0,0,0,09:40:00,2
2026-07-31 09:42:02.393000+05:30,29.3,71.7,401,0,1,24,23.7,60.0,0,955.5,0,0,27.4,57.4,572,0,2,114,0,0,0,0,0,0,17.5,81.1,457,0,1,50,0,0,0,0,0,0,0,0,0,0,0,0,0,0,0,0,0,0,0,0,0,0,0,0,100,50,0,0,0,0,09:40:00,2
2026-07-31 09:42:07.380000+05:30,29.3,71.4,406,0,1,26,23.7,60.0,0,955.5,0,0,27.4,57.4,590,0,2,125,0,0,0,0,0,0,17.5,81.1,445,0,1,44,0,0,0,0,0,0,0,0,0,0,0,0,0,0,0,0,0,0,0,0,0,0,0,0,100,50,0,0,0,0,09:40:00,2
2026-07-31 09:42:12.451000+05:30,29.4,71.4,423,0,1,34,23.7,60.0,0,955.5,0,0,27.4,56.8,577,0,2,117,0,0,0,0,0,0,17.5,81.0,451,0,1,47,0,0,0,0,0,0,0,0,0,0,0,0,0,0,0,0,0,0,0,0,0,0,0,0,100,50,0,0,0,0,09:40:00,2
2026-07-31 09:42:17.380000+05:30,29.3,71.5,463,0,1,53,23.7,60.0,0,955.5,0,0,27.4,56.6,600,0,2,132,0,0,0,0,0,0,17.5,81.0,475,0,1,59,0,0,0,0,0,0,0,0,0,0,0,0,0,0,0,0,0,0,0,0,0,0,0,0,100,50,0,0,0,0,09:40:00,2
2026-07-31 09:42:22.451000+05:30,29.3,71.0,424,0,1,35,23.7,60.0,0,955.5,0,0,27.4,56.6,575,0,2,116,0,0,0,0,0,0,17.6,81.1,468,0,1,56,0,0,0,0,0,0,0,0,0,0,0,0,0,0,0,0,0,0,0,0,0,0,0,0,100,50,0,0,0,0,09:40:00,2
2026-07-31 09:42:27.381000+05:30,29.3,70.8,431,0,1,38,23.7,60.0,0,955.5,0,0,27.4,56.6,575,0,2,116,0,0,0,0,0,0,17.6,81.1,468,0,1,56,0,0,0,0,0,0,0,0,0,0,0,0,0,0,0,0,0,0,0,0,0,0,0,0,100,50,0,0,0,0,09:40:00,2
2026-07-31 09:42:32.453000+05:30,29.4,71.0,437,0,1,41,23.7,60.5,0,955.5,0,0,27.4,56.6,563,0,2,108,0,0,0,0,0,0,17.6,81.1,468,0,1,55,0,0,0,0,0,0,0,0,0,0,0,0,0,0,0,0,0,0,0,0,0,0,0,0,100,50,0,0,0,0,09:40:00,2
2026-07-31 09:42:37.379000+05:30,29.4,71.0,412,0,1,29,23.7,60.7,0,955.5,0,0,27.4,56.5,563,0,2,108,0,0,0,0,0,0,17.6,81.0,464,0,1,54,0,0,0,0,0,0,0,0,0,0,0,0,0,0,0,0,0,0,0,0,0,0,0,0,100,50,0,0,0,0,09:40:00,2
2026-07-31 09:42:42.442000+05:30,29.3,71.2,433,0,1,39,23.7,60.7,0,955.5,0,0,27.4,56.5,586,0,2,123,0,0,0,0,0,0,17.6,81.0,459,0,1,51,0,0,0,0,0,0,0,0,0,0,0,0,0,0,0,0,0,0,0,0,0,0,0,0,100,50,0,0,0,0,09:40:00,2
2026-07-31 09:42:47.378000+05:30,29.3,71.3,413,0,1,29,23.7,60.4,0,955.5,0,0,27.4,56.4,555,0,2,103,0,0,0,0,0,0,17.5,81.0,463,0,1,53,0,0,0,0,0,0,0,0,0,0,0,0,0,0,0,0,0,0,0,0,0,0,0,0,100,50,0,0,0,0,09:40:00,2
2026-07-31 09:42:52.379000+05:30,29.3,71.0,438,0,1,41,23.7,60.3,0,955.5,0,0,27.4,56.3,574,0,2,115,0,0,0,0,0,0,17.5,81.2,448,0,1,46,0,0,0,0,0,0,0,0,0,0,0,0,0,0,0,0,0,0,0,0,0,0,0,0,100,50,0,0,0,0,09:40:00,2
2026-07-31 09:42:57.379000+05:30,29.3,70.9,426,0,1,36,23.7,60.3,0,955.5,0,0,27.4,56.2,582,0,2,120,0,0,0,0,0,0,17.5,81.2,464,0,1,54,0,0,0,0,0,0,0,0,0,0,0,0,0,0,0,0,0,0,0,0,0,0,0,0,100,50,0,0,0,0,09:40:00,2
2026-07-31 09:43:02.379000+05:30,29.3,70.8,456,0,1,49,23.7,60.3,0,955.5,0,0,27.4,56.2,573,0,2,114,0,0,0,0,0,0,17.5,81.2,462,0,1,53,0,0,0,0,0,0,0,0,0,0,0,0,0,0,0,0,0,0,0,0,0,0,0,0,100,50,0,0,0,0,09:40:00,2
2026-07-31 09:43:07.378000+05:30,29.3,71.0,436,0,1,40,23.7,60.3,0,955.5,0,0,27.4,56.2,573,0,2,114,0,0,0,0,0,0,17.5,81.2,462,0,1,53,0,0,0,0,0,0,0,0,0,0,0,0,0,0,0,0,0,0,0,0,0,0,0,0,100,50,0,0,0,0,09:40:00,2
2026-07-31 09:43:12.384000+05:30,29.4,70.9,467,0,1,55,23.7,60.2,0,955.5,0,0,27.4,56.2,576,0,2,116,0,0,0,0,0,0,17.5,81.2,472,0,1,57,0,0,0,0,0,0,0,0,0,0,0,0,0,0,0,0,0,0,0,0,0,0,0,0,100,50,0,0,0,0,09:40:00,2
2026-07-31 09:43:17.384000+05:30,29.4,71.4,479,0,1,61,23.7,60.2,0,955.5,0,0,27.4,56.2,592,0,2,126,0,0,0,0,0,0,17.5,81.2,449,0,1,46,0,0,0,0,0,0,0,0,0,0,0,0,0,0,0,0,0,0,0,0,0,0,0,0,100,50,0,0,0,0,09:40:00,2
2026-07-31 09:43:22.379000+05:30,29.4,71.8,468,0,1,56,23.7,60.1,0,955.4,0,0,27.4,56.1,555,0,2,103,0,0,0,0,0,0,17.6,81.3,442,0,1,43,0,0,0,0,0,0,0,0,0,0,0,0,0,0,0,0,0,0,0,0,0,0,0,0,100,50,0,0,0,0,09:40:00,2
2026-07-31 09:43:27.385000+05:30,29.5,72.0,456,0,1,50,23.8,60.1,0,955.4,0,0,27.4,56.1,557,0,2,105,0,0,0,0,0,0,17.6,81.3,447,0,1,45,0,0,0,0,0,0,0,0,0,0,0,0,0,0,0,0,0,0,0,0,0,0,0,0,100,50,0,0,0,0,09:40:00,2
2026-07-31 09:43:32.378000+05:30,29.5,72.2,466,0,1,55,23.8,60.1,0,955.4,0,0,27.4,56.1,592,0,2,126,0,0,0,0,0,0,17.6,81.3,441,0,1,42,0,0,0,0,0,0,0,0,0,0,0,0,0,0,0,0,0,0,0,0,0,0,0,0,100,50,0,0,0,0,09:40:00,2
2026-07-31 09:43:37.384000+05:30,29.5,72.5,450,0,1,47,23.8,60.2,0,955.5,0,0,27.4,56.1,577,0,2,117,0,0,0,0,0,0,17.6,81.3,454,0,1,48,0,0,0,0,0,0,0,0,0,0,0,0,0,0,0,0,0,0,0,0,0,0,0,0,100,50,0,0,0,0,09:40:00,2
2026-07-31 09:43:42.378000+05:30,29.5,72.6,472,0,1,58,23.8,60.2,0,955.5,0,0,27.4,56.1,579,0,2,118,0,0,0,0,0,0,17.6,81.3,459,0,1,51,0,0,0,0,0,0,0,0,0,0,0,0,0,0,0,0,0,0,0,0,0,0,0,0,100,50,0,0,0,0,09:40:00,2
2026-07-31 09:43:47.378000+05:30,29.5,72.7,455,0,1,49,23.8,60.2,0,955.5,0,0,27.4,56.1,581,0,2,119,0,0,0,0,0,0,17.6,81.3,458,0,1,50,0,0,0,0,0,0,0,0,0,0,0,0,0,0,0,0,0,0,0,0,0,0,0,0,100,50,0,0,0,0,09:40:00,2
2026-07-31 09:43:52.384000+05:30,29.5,72.9,459,0,1,51,23.8,60.1,0,955.5,0,0,27.5,56.4,588,0,2,124,0,0,0,0,0,0,17.6,81.4,448,0,1,46,0,0,0,0,0,0,0,0,0,0,0,0,0,0,0,0,0,0,0,0,0,0,0,0,100,50,0,0,0,0,09:40:00,2
2026-07-31 09:43:57.384000+05:30,29.6,72.9,477,0,1,60,23.8,60.1,0,955.5,0,0,27.5,56.4,601,0,2,133,0,0,0,0,0,0,17.6,81.4,463,0,1,53,0,0,0,0,0,0,0,0,0,0,0,0,0,0,0,0,0,0,0,0,0,0,0,0,100,50,0,0,0,0,09:40:00,2
2026-07-31 09:44:02.384000+05:30,29.5,72.9,471,0,1,57,23.8,60.0,0,955.4,0,0,27.5,56.9,612,0,2,140,0,0,0,0,0,0,17.6,81.4,472,0,1,57,0,0,0,0,0,0,0,0,0,0,0,0,0,0,0,0,0,0,0,0,0,0,0,0,100,50,0,0,0,0,09:40:00,2
2026-07-31 09:44:07.383000+05:30,29.6,72.9,465,0,1,54,23.8,60.0,0,955.4,0,0,27.5,56.9,614,0,2,141,0,0,0,0,0,0,17.7,81.3,441,0,1,42,0,0,0,0,0,0,0,0,0,0,0,0,0,0,0,0,0,0,0,0,0,0,0,0,100,50,0,0,0,0,09:40:00,2
2026-07-31 09:44:12.383000+05:30,29.6,72.9,455,0,1,49,23.8,60.0,0,955.4,0,0,27.5,56.9,614,0,2,141,0,0,0,0,0,0,17.7,81.3,441,0,1,42,0,0,0,0,0,0,0,0,0,0,0,0,0,0,0,0,0,0,0,0,0,0,0,0,100,50,0,0,0,0,09:40:00,2
2026-07-31 09:44:17.383000+05:30,29.6,72.8,477,0,1,60,23.8,59.9,0,955.5,0,0,27.6,57.0,623,0,2,147,0,0,0,0,0,0,17.6,81.2,458,0,1,50,0,0,0,0,0,0,0,0,0,0,0,0,0,0,0,0,0,0,0,0,0,0,0,0,100,50,0,0,0,0,09:40:00,2
2026-07-31 09:44:22.384000+05:30,29.6,72.8,458,0,1,51,23.8,59.9,0,955.5,0,0,27.6,57.0,622,0,2,147,0,0,0,0,0,0,17.6,81.2,440,0,1,42,0,0,0,0,0,0,0,0,0,0,0,0,0,0,0,0,0,0,0,0,0,0,0,0,100,50,0,0,0,0,09:40:00,2
2026-07-31 09:44:27.380000+05:30,29.6,72.8,464,0,1,54,23.8,59.9,0,955.5,0,0,27.6,56.7,604,0,2,134,0,0,0,0,0,0,17.7,81.2,464,0,1,53,0,0,0,0,0,0,0,0,0,0,0,0,0,0,0,0,0,0,0,0,0,0,0,0,100,50,0,0,0,0,09:40:00,2
2026-07-31 09:44:32.383000+05:30,29.6,72.5,470,0,1,57,23.8,59.9,0,955.5,0,0,27.6,56.7,618,0,2,144,0,0,0,0,0,0,17.7,81.2,460,0,1,52,0,0,0,0,0,0,0,0,0,0,0,0,0,0,0,0,0,0,0,0,0,0,0,0,100,50,0,0,0,0,09:40:00,2
2026-07-31 09:44:37.383000+05:30,29.6,72.4,465,0,1,54,23.8,60.0,0,955.5,0,0,27.6,56.4,598,0,2,131,0,0,0,0,0,0,17.7,81.2,470,0,1,57,0,0,0,0,0,0,0,0,0,0,0,0,0,0,0,0,0,0,0,0,0,0,0,0,100,50,0,0,0,0,09:40:00,2
2026-07-31 09:44:42.382000+05:30,29.6,72.3,446,0,1,45,23.8,60.0,0,955.5,0,0,27.6,56.2,570,0,2,113,0,0,0,0,0,0,17.7,81.1,454,0,1,49,0,0,0,0,0,0,0,0,0,0,0,0,0,0,0,0,0,0,0,0,0,0,0,0,100,50,0,0,0,0,09:40:00,2
2026-07-31 09:44:47.383000+05:30,29.7,72.3,466,0,1,55,23.8,60.0,0,955.5,0,0,27.6,56.2,570,0,2,113,0,0,0,0,0,0,17.7,81.1,454,0,1,49,0,0,0,0,0,0,0,0,0,0,0,0,0,0,0,0,0,0,0,0,0,0,0,0,100,50,0,0,0,0,09:40:00,2
2026-07-31 09:44:52.383000+05:30,29.7,72.4,492,0,2,68,23.8,59.9,0,955.4,0,0,27.6,56.2,603,0,2,134,0,0,0,0,0,0,17.7,81.1,461,0,1,52,0,0,0,0,0,0,0,0,0,0,0,0,0,0,0,0,0,0,0,0,0,0,0,0,100,50,0,0,0,0,09:40:00,2
2026-07-31 09:44:57.382000+05:30,29.7,72.4,452,0,1,47,23.8,59.9,0,955.4,0,0,27.6,56.2,635,0,2,156,0,0,0,0,0,0,17.7,81.1,464,0,1,53,0,0,0,0,0,0,0,0,0,0,0,0,0,0,0,0,0,0,0,0,0,0,0,0,100,50,0,0,0,0,09:40:00,2
2026-07-31 09:45:02.382000+05:30,29.7,72.5,438,0,1,41,23.8,59.9,0,955.4,0,0,27.6,56.2,635,0,2,156,0,0,0,0,0,0,17.7,81.1,464,0,1,53,0,0,0,0,0,0,0,0,0,0,0,0,0,0,0,0,0,0,0,0,0,0,0,0,100,50,0,0,0,0,09:40:00,2
2026-07-31 09:45:07.383000+05:30,29.7,72.3,474,0,1,58,23.8,59.8,0,955.6,0,0,27.7,56.5,608,0,2,137,0,0,0,0,0,0,17.7,81.2,441,0,1,42,0,0,0,0,0,0,0,0,0,0,0,0,0,0,0,0,0,0,0,0,0,0,0,0,100,50,0,0,0,0,09:40:00,2
2026-07-31 09:45:12.381000+05:30,29.6,71.9,441,0,1,42,23.8,59.8,0,955.6,0,0,27.7,56.6,606,0,2,136,0,0,0,0,0,0,17.7,81.3,463,0,1,53,0,0,0,0,0,0,0,0,0,0,0,0,0,0,0,0,0,0,0,0,0,0,0,0,100,50,0,0,0,0,09:40:00,2
2026-07-31 09:45:17.378000+05:30,29.6,71.2,422,0,1,33,23.8,59.9,0,955.5,0,0,27.7,56.7,637,0,2,157,0,0,0,0,0,0,17.6,81.4,485,0,1,64,0,0,0,0,0,0,0,0,0,0,0,0,0,0,0,0,0,0,0,0,0,0,0,0,100,50,0,0,0,0,09:40:00,2
2026-07-31 09:45:22.452000+05:30,29.6,70.8,400,0,1,20,23.8,59.9,0,955.5,0,0,27.7,56.7,607,0,2,137,0,0,0,0,0,0,17.6,81.4,482,0,1,63,0,0,0,0,0,0,0,0,0,0,0,0,0,0,0,0,0,0,0,0,0,0,0,0,100,50,0,0,0,0,09:40:00,2
2026-07-31 09:45:27.382000+05:30,29.6,70.8,403,0,1,25,23.8,59.9,0,955.5,0,0,27.7,56.8,615,0,2,142,0,0,0,0,0,0,17.6,81.5,470,0,1,57,0,0,0,0,0,0,0,0,0,0,0,0,0,0,0,0,0,0,0,0,0,0,0,0,100,50,0,0,0,0,09:40:00,2
2026-07-31 09:45:32.450000+05:30,29.6,70.9,409,0,1,28,23.8,59.8,0,955.5,0,0,27.7,56.8,614,0,2,141,0,0,0,0,0,0,17.6,81.5,479,0,1,61,0,0,0,0,0,0,0,0,0,0,0,0,0,0,0,0,0,0,0,0,0,0,0,0,100,50,0,0,0,0,09:40:00,2
2026-07-31 09:45:37.382000+05:30,29.6,71.0,413,0,1,29,23.8,59.8,0,955.5,0,0,27.7,56.8,643,0,2,162,0,0,0,0,0,0,17.6,81.7,475,0,1,59,0,0,0,0,0,0,0,0,0,0,0,0,0,0,0,0,0,0,0,0,0,0,0,0,100,50,0,0,0,0,09:40:00,2
2026-07-31 09:45:42.381000+05:30,29.6,71.0,434,0,1,39,23.8,59.8,0,955.5,0,0,27.8,56.8,609,0,2,138,0,0,0,0,0,0,17.6,82.0,473,0,1,58,0,0,0,0,0,0,0,0,0,0,0,0,0,0,0,0,0,0,0,0,0,0,0,0,100,50,0,0,0,0,09:40:00,2
2026-07-31 09:45:47.380000+05:30,29.5,70.9,400,0,1,17,23.9,59.8,0,955.6,0,0,27.8,56.6,645,0,2,163,0,0,0,0,0,0,17.6,82.0,470,0,1,56,0,0,0,0,0,0,0,0,0,0,0,0,0,0,0,0,0,0,0,0,0,0,0,0,100,50,0,0,0,0,09:40:00,2
2026-07-31 09:45:52.381000+05:30,29.5,70.9,439,0,1,42,23.9,59.8,0,955.6,0,0,27.8,56.6,664,0,2,177,0,0,0,0,0,0,17.6,82.0,469,0,1,56,0,0,0,0,0,0,0,0,0,0,0,0,0,0,0,0,0,0,0,0,0,0,0,0,100,50,0,0,0,0,09:40:00,2
2026-07-31 09:45:57.381000+05:30,29.5,70.9,423,0,1,34,23.9,59.8,0,955.5,0,0,27.8,56.5,619,0,2,145,0,0,0,0,0,0,17.6,82.4,473,0,1,58,0,0,0,0,0,0,0,0,0,0,0,0,0,0,0,0,0,0,0,0,0,0,0,0,100,50,0,0,0,0,09:40:00,2
2026-07-31 09:46:02.381000+05:30,29.6,70.9,434,0,1,39,23.9,59.8,0,955.5,0,0,27.8,56.5,642,0,2,161,0,0,0,0,0,0,17.6,82.6,484,0,1,64,0,0,0,0,0,0,0,0,0,0,0,0,0,0,0,0,0,0,0,0,0,0,0,0,100,50,0,0,0,0,09:40:00,2
2026-07-31 09:46:07.438000+05:30,29.6,70.5,449,0,1,46,23.9,59.8,0,955.5,0,0,27.8,56.2,623,0,2,147,0,0,0,0,0,0,17.6,82.6,488,0,2,66,0,0,0,0,0,0,0,0,0,0,0,0,0,0,0,0,0,0,0,0,0,0,0,0,100,50,0,0,0,0,09:40:00,2
2026-07-31 09:46:12.379000+05:30,29.6,70.1,435,0,1,39,23.9,59.8,0,955.5,0,0,27.8,56.2,635,0,2,156,0,0,0,0,0,0,17.6,82.6,471,0,2,57,0,0,0,0,0,0,0,0,0,0,0,0,0,0,0,0,0,0,0,0,0,0,0,0,100,50,0,0,0,0,09:40:00,2
2026-07-31 09:46:17.379000+05:30,29.5,69.8,442,0,1,43,23.9,59.8,0,955.5,0,0,27.8,56.0,609,0,2,138,0,0,0,0,0,0,17.6,83.1,476,0,1,60,0,0,0,0,0,0,0,0,0,0,0,0,0,0,0,0,0,0,0,0,0,0,0,0,100,50,0,0,0,0,09:40:00,2
2026-07-31 09:46:22.379000+05:30,29.5,69.8,437,0,1,40,23.9,59.8,0,955.5,0,0,27.8,56.0,619,0,2,145,0,0,0,0,0,0,17.6,83.1,474,0,1,58,0,0,0,0,0,0,0,0,0,0,0,0,0,0,0,0,0,0,0,0,0,0,0,0,100,50,0,0,0,0,09:40:00,2
2026-07-31 09:46:27.380000+05:30,29.5,69.7,436,0,1,40,23.9,59.8,0,955.5,0,0,27.8,55.8,619,0,2,144,0,0,0,0,0,0,17.7,83.3,486,0,2,65,0,0,0,0,0,0,0,0,0,0,0,0,0,0,0,0,0,0,0,0,0,0,0,0,100,50,0,0,0,0,09:40:00,2
2026-07-31 09:46:32.380000+05:30,29.5,69.7,452,0,1,47,23.9,59.8,0,955.6,0,0,27.8,55.7,618,0,2,144,0,0,0,0,0,0,17.7,83.4,482,0,1,62,0,0,0,0,0,0,0,0,0,0,0,0,0,0,0,0,0,0,0,0,0,0,0,0,100,50,0,0,0,0,09:40:00,2
2026-07-31 09:46:37.380000+05:30,29.5,70.0,435,0,1,40,23.9,59.8,0,955.6,0,0,27.8,55.7,611,0,2,139,0,0,0,0,0,0,17.7,83.4,475,0,1,59,0,0,0,0,0,0,0,0,0,0,0,0,0,0,0,0,0,0,0,0,0,0,0,0,100,50,0,0,0,0,09:40:00,2
2026-07-31 09:46:42.378000+05:30,29.5,70.2,444,0,1,44,23.9,59.8,0,955.6,0,0,27.8,55.7,615,0,2,142,0,0,0,0,0,0,17.7,83.4,484,0,1,64,0,0,0,0,0,0,0,0,0,0,0,0,0,0,0,0,0,0,0,0,0,0,0,0,100,50,0,0,0,0,09:40:00,2
2026-07-31 09:46:47.380000+05:30,29.5,70.5,424,0,1,34,23.9,59.9,0,955.5,0,0,27.8,55.7,595,0,2,129,0,0,0,0,0,0,17.7,83.3,477,0,1,60,0,0,0,0,0,0,0,0,0,0,0,0,0,0,0,0,0,0,0,0,0,0,0,0,100,50,0,0,0,0,09:40:00,2
2026-07-31 09:46:52.379000+05:30,29.4,70.8,417,0,1,31,23.9,59.9,0,955.5,0,0,27.8,55.6,609,0,2,138,0,0,0,0,0,0,17.7,83.1,483,0,1,63,0,0,0,0,0,0,0,0,0,0,0,0,0,0,0,0,0,0,0,0,0,0,0,0,100,50,0,0,0,0,09:40:00,2
2026-07-31 09:46:57.379000+05:30,29.4,70.9,430,0,1,37,23.9,59.9,0,955.5,0,0,27.8,55.6,605,0,2,135,0,0,0,0,0,0,17.7,83.0,497,0,2,70,0,0,0,0,0,0,0,0,0,0,0,0,0,0,0,0,0,0,0,0,0,0,0,0,100,50,0,0,0,0,09:40:00,2
2026-07-31 09:47:02.379000+05:30,29.4,71.1,429,0,1,37,23.9,59.9,0,955.5,0,0,27.8,55.6,608,0,2,138,0,0,0,0,0,0,17.7,83.0,486,0,2,65,0,0,0,0,0,0,0,0,0,0,0,0,0,0,0,0,0,0,0,0,0,0,0,0,100,50,0,0,0,0,09:40:00,2
2026-07-31 09:47:07.378000+05:30,29.4,71.2,413,0,1,29,23.9,59.8,0,955.4,0,0,27.8,55.6,604,0,2,134,0,0,0,0,0,0,17.7,83.0,498,0,2,71,0,0,0,0,0,0,0,0,0,0,0,0,0,0,0,0,0,0,0,0,0,0,0,0,100,50,0,0,0,0,09:40:00,2
2026-07-31 09:47:12.378000+05:30,29.5,70.7,413,0,1,29,23.9,59.8,0,955.4,0,0,27.8,55.6,612,0,2,140,0,0,0,0,0,0,17.7,83.0,475,0,2,59,0,0,0,0,0,0,0,0,0,0,0,0,0,0,0,0,0,0,0,0,0,0,0,0,100,50,0,0,0,0,09:40:00,2
2026-07-31 09:47:17.378000+05:30,29.5,71.1,455,0,1,49,23.9,59.9,0,955.4,0,0,27.8,55.8,615,0,2,142,0,0,0,0,0,0,17.7,82.7,480,0,1,61,0,0,0,0,0,0,0,0,0,0,0,0,0,0,0,0,0,0,0,0,0,0,0,0,100,50,0,0,0,0,09:40:00,2
2026-07-31 09:47:22.385000+05:30,29.5,71.3,487,0,2,65,23.9,59.9,0,955.4,0,0,27.8,55.8,627,0,2,150,0,0,0,0,0,0,17.7,82.7,496,0,2,70,0,0,0,0,0,0,0,0,0,0,0,0,0,0,0,0,0,0,0,0,0,0,0,0,100,50,0,0,0,0,09:40:00,2
2026-07-31 09:47:27.379000+05:30,29.5,71.8,482,0,1,63,23.9,59.9,0,955.4,0,0,27.8,55.9,589,0,2,125,0,0,0,0,0,0,17.8,82.6,479,0,1,61,0,0,0,0,0,0,0,0,0,0,0,0,0,0,0,0,0,0,0,0,0,0,0,0,100,50,0,0,0,0,09:40:00,2
2026-07-31 09:47:32.378000+05:30,29.5,72.2,472,0,1,57,23.9,59.9,0,955.3,0,0,27.8,55.8,618,0,2,144,0,0,0,0,0,0,17.8,82.6,467,0,1,55,0,0,0,0,0,0,0,0,0,0,0,0,0,0,0,0,0,0,0,0,0,0,0,0,100,50,0,0,0,0,09:40:00,2
2026-07-31 09:47:37.384000+05:30,29.6,72.4,479,0,1,61,23.9,59.9,0,955.3,0,0,27.8,55.8,598,0,2,130,0,0,0,0,0,0,17.8,82.6,496,0,2,70,0,0,0,0,0,0,0,0,0,0,0,0,0,0,0,0,0,0,0,0,0,0,0,0,100,50,0,0,0,0,09:40:00,2
2026-07-31 09:47:42.378000+05:30,29.6,72.5,475,0,1,59,23.9,59.9,0,955.4,0,0,27.8,55.7,607,0,2,137,0,0,0,0,0,0,17.8,82.5,458,0,1,50,0,0,0,0,0,0,0,0,0,0,0,0,0,0,0,0,0,0,0,0,0,0,0,0,100,50,0,0,0,0,09:40:00,2
2026-07-31 09:47:47.378000+05:30,29.6,72.5,469,0,1,56,23.9,59.9,0,955.4,0,0,27.8,55.6,595,0,2,128,0,0,0,0,0,0,17.8,82.5,474,0,1,58,0,0,0,0,0,0,0,0,0,0,0,0,0,0,0,0,0,0,0,0,0,0,0,0,100,50,0,0,0,0,09:40:00,2
2026-07-31 09:47:52.379000+05:30,29.7,72.6,457,0,1,50,23.9,59.9,0,955.4,0,0,27.8,55.6,614,0,2,141,0,0,0,0,0,0,17.8,82.3,455,0,1,49,0,0,0,0,0,0,0,0,0,0,0,0,0,0,0,0,0,0,0,0,0,0,0,0,100,50,0,0,0,0,09:40:00,2
2026-07-31 09:47:57.385000+05:30,29.7,72.5,498,0,2,71,23.9,59.7,0,955.4,0,0,27.8,55.5,598,0,2,131,0,0,0,0,0,0,17.8,82.2,471,0,1,57,0,0,0,0,0,0,0,0,0,0,0,0,0,0,0,0,0,0,0,0,0,0,0,0,100,50,0,0,0,0,09:40:00,2
2026-07-31 09:48:02.378000+05:30,29.7,72.5,503,0,2,73,23.9,59.7,0,955.4,0,0,27.8,55.5,629,0,2,152,0,0,0,0,0,0,17.8,82.2,500,0,2,72,0,0,0,0,0,0,0,0,0,0,0,0,0,0,0,0,0,0,0,0,0,0,0,0,100,50,0,0,0,0,09:40:00,2
2026-07-31 09:48:07.378000+05:30,29.7,72.5,495,0,2,70,23.9,59.9,0,955.4,0,0,27.8,55.5,610,0,2,138,0,0,0,0,0,0,17.9,82.1,478,0,1,60,0,0,0,0,0,0,0,0,0,0,0,0,0,0,0,0,0,0,0,0,0,0,0,0,100,50,0,0,0,0,09:40:00,2
2026-07-31 09:48:12.383000+05:30,29.7,72.6,501,0,2,73,24.0,59.6,0,955.4,0,0,27.8,55.6,619,0,2,144,0,0,0,0,0,0,17.9,81.9,485,0,1,64,0,0,0,0,0,0,0,0,0,0,0,0,0,0,0,0,0,0,0,0,0,0,0,0,100,50,0,0,0,0,09:40:00,2
2026-07-31 09:48:17.450000+05:30,29.7,72.5,493,0,2,68,24.0,59.6,0,955.4,0,0,27.8,55.6,608,0,2,137,0,0,0,0,0,0,17.9,81.9,477,0,1,60,0,0,0,0,0,0,0,0,0,0,0,0,0,0,0,0,0,0,0,0,0,0,0,0,100,50,0,0,0,0,09:40:00,2
2026-07-31 09:48:22.383000+05:30,29.7,72.3,471,0,1,57,24.0,59.8,0,955.4,0,0,27.9,55.7,629,0,2,152,0,0,0,0,0,0,17.9,81.7,459,0,1,51,0,0,0,0,0,0,0,0,0,0,0,0,0,0,0,0,0,0,0,0,0,0,0,0,100,50,0,0,0,0,09:40:00,2
2026-07-31 09:48:27.384000+05:30,29.6,71.6,457,0,1,50,24.0,59.8,0,955.3,0,0,27.9,55.9,588,0,2,124,0,0,0,0,0,0,17.9,81.6,444,0,1,44,0,0,0,0,0,0,0,0,0,0,0,0,0,0,0,0,0,0,0,0,0,0,0,0,100,50,0,0,0,0,09:40:00,2
2026-07-31 09:48:32.383000+05:30,29.6,71.4,441,0,1,42,24.0,59.8,0,955.4,0,0,27.9,55.9,636,0,2,157,0,0,0,0,0,0,17.9,81.6,482,0,1,63,0,0,0,0,0,0,0,0,0,0,0,0,0,0,0,0,0,0,0,0,0,0,0,0,100,50,0,0,0,0,09:40:00,2
2026-07-31 09:48:37.383000+05:30,29.6,71.5,444,0,1,44,24.0,59.8,0,955.4,0,0,27.9,56.0,646,0,2,164,0,0,0,0,0,0,17.9,81.6,473,0,1,58,0,0,0,0,0,0,0,0,0,0,0,0,0,0,0,0,0,0,0,0,0,0,0,0,100,50,0,0,0,0,09:40:00,2
2026-07-31 09:48:42.383000+05:30,29.7,71.3,454,0,1,49,24.0,59.8,0,955.4,0,0,27.9,56.1,651,0,2,168,0,0,0,0,0,0,17.9,81.5,482,0,1,62,0,0,0,0,0,0,0,0,0,0,0,0,0,0,0,0,0,0,0,0,0,0,0,0,100,50,0,0,0,0,09:40:00,2
2026-07-31 09:48:47.383000+05:30,29.7,71.2,472,0,1,57,24.0,59.7,0,955.4,0,0,27.9,56.1,627,0,2,151,0,0,0,0,0,0,17.9,81.4,456,0,1,50,0,0,0,0,0,0,0,0,0,0,0,0,0,0,0,0,0,0,0,0,0,0,0,0,100,50,0,0,0,0,09:40:00,2
2026-07-31 09:48:52.383000+05:30,29.7,71.2,463,0,1,53,24.0,59.7,0,955.4,0,0,27.9,56.1,639,0,2,159,0,0,0,0,0,0,17.9,81.4,464,0,1,53,0,0,0,0,0,0,0,0,0,0,0,0,0,0,0,0,0,0,0,0,0,0,0,0,100,50,0,0,0,0,09:40:00,2
2026-07-31 09:48:57.383000+05:30,29.7,70.9,479,0,1,61,24.0,59.7,0,955.4,0,0,27.9,56.0,617,0,2,143,0,0,0,0,0,0,17.9,81.2,460,0,1,52,0,0,0,0,0,0,0,0,0,0,0,0,0,0,0,0,0,0,0,0,0,0,0,0,100,50,0,0,0,0,09:40:00,2
2026-07-31 09:49:02.382000+05:30,29.7,71.1,460,0,1,51,24.0,59.7,0,955.4,0,0,27.9,56.0,629,0,2,152,0,0,0,0,0,0,17.9,81.2,473,0,1,58,0,0,0,0,0,0,0,0,0,0,0,0,0,0,0,0,0,0,0,0,0,0,0,0,100,50,0,0,0,0,09:40:00,2
2026-07-31 09:49:07.382000+05:30,29.7,71.4,455,0,1,49,24.0,59.7,0,955.4,0,0,27.9,55.8,661,0,2,175,0,0,0,0,0,0,17.9,81.2,470,0,1,57,0,0,0,0,0,0,0,0,0,0,0,0,0,0,0,0,0,0,0,0,0,0,0,0,100,50,0,0,0,0,09:40:00,2
2026-07-31 09:49:12.383000+05:30,29.7,70.9,470,0,1,57,24.0,59.7,0,955.4,0,0,27.9,56.0,658,0,2,173,0,0,0,0,0,0,17.9,81.1,448,0,1,45,0,0,0,0,0,0,0,0,0,0,0,0,0,0,0,0,0,0,0,0,0,0,0,0,100,50,0,0,0,0,09:40:00,2
2026-07-31 09:49:17.382000+05:30,29.7,70.7,446,0,1,45,24.0,59.5,0,955.3,0,0,27.9,55.8,630,0,2,153,0,0,0,0,0,0,17.9,81.1,457,0,1,50,0,0,0,0,0,0,0,0,0,0,0,0,0,0,0,0,0,0,0,0,0,0,0,0,100,50,0,0,0,0,09:40:00,2
2026-07-31 09:49:22.378000+05:30,29.7,70.0,465,0,1,54,24.0,59.5,0,955.3,0,0,27.9,55.8,634,0,2,156,0,0,0,0,0,0,17.9,81.1,455,0,1,49,0,0,0,0,0,0,0,0,0,0,0,0,0,0,0,0,0,0,0,0,0,0,0,0,100,50,0,0,0,0,09:40:00,2
2026-07-31 09:49:27.382000+05:30,29.7,69.6,435,0,1,40,24.0,59.5,0,955.4,0,0,27.9,55.5,624,0,2,148,0,0,0,0,0,0,17.9,81.1,449,0,1,46,0,0,0,0,0,0,0,0,0,0,0,0,0,0,0,0,0,0,0,0,0,0,0,0,100,50,0,0,0,0,09:40:00,2
2026-07-31 09:49:32.382000+05:30,29.7,69.4,410,0,1,28,24.0,59.5,0,955.4,0,0,27.9,55.6,644,0,2,162,0,0,0,0,0,0,17.9,81.1,455,0,1,49,0,0,0,0,0,0,0,0,0,0,0,0,0,0,0,0,0,0,0,0,0,0,0,0,100,50,0,0,0,0,09:40:00,2
2026-07-31 09:49:37.381000+05:30,29.7,69.0,420,0,1,33,24.0,59.5,0,955.4,0,0,27.9,55.6,630,0,2,152,0,0,0,0,0,0,17.9,81.1,444,0,1,44,0,0,0,0,0,0,0,0,0,0,0,0,0,0,0,0,0,0,0,0,0,0,0,0,100,50,0,0,0,0,09:40:00,2
2026-07-31 09:49:42.380000+05:30,29.7,68.9,439,0,1,41,24.0,59.5,0,955.4,0,0,27.9,55.6,639,0,2,159,0,0,0,0,0,0,17.9,81.1,436,0,1,40,0,0,0,0,0,0,0,0,0,0,0,0,0,0,0,0,0,0,0,0,0,0,0,0,100,50,0,0,0,0,09:40:00,2
2026-07-31 09:49:47.381000+05:30,29.7,69.0,416,0,1,31,24.0,59.5,0,955.3,0,0,27.9,55.4,638,0,2,158,0,0,0,0,0,0,17.9,81.1,449,0,1,46,0,0,0,0,0,0,0,0,0,0,0,0,0,0,0,0,0,0,0,0,0,0,0,0,100,50,0,0,0,0,09:40:00,2
2026-07-31 09:49:52.381000+05:30,29.7,69.1,433,0,1,39,24.0,59.5,0,955.3,0,0,27.9,55.4,594,0,2,128,0,0,0,0,0,0,17.9,81.1,460,0,1,52,0,0,0,0,0,0,0,0,0,0,0,0,0,0,0,0,0,0,0,0,0,0,0,0,100,50,0,0,0,0,09:40:00,2
2026-07-31 09:49:57.381000+05:30,29.7,69.3,454,0,1,49,24.0,59.4,0,955.3,0,0,27.9,55.2,630,0,2,153,0,0,0,0,0,0,17.8,81.2,449,0,1,46,0,0,0,0,0,0,0,0,0,0,0,0,0,0,0,0,0,0,0,0,0,0,0,0,100,50,0,0,0,0,09:40:00,2
2026-07-31 09:50:02.380000+05:30,29.7,69.5,416,0,1,31,24.0,59.4,0,955.3,0,0,27.9,55.2,623,0,2,147,0,0,0,0,0,0,17.8,81.0,446,0,1,45,0,0,0,0,0,0,0,0,0,0,0,0,0,0,0,0,0,0,0,0,0,0,0,0,100,50,0,0,0,0,09:50:00,0
2026-07-31 09:50:07.380000+05:30,29.7,70.0,424,0,1,34,24.0,59.4,0,955.3,0,0,27.9,55.2,616,0,2,142,0,0,0,0,0,0,17.8,81.0,444,0,1,44,0,0,0,0,0,0,0,0,0,0,0,0,0,0,0,0,0,0,0,0,0,0,0,0,100,50,0,0,0,0,09:50:00,0
2026-07-31 09:50:12.380000+05:30,29.6,70.2,404,0,1,25,24.1,59.4,0,955.3,0,0,27.9,55.1,630,0,2,152,0,0,0,0,0,0,17.8,80.8,449,0,1,46,0,0,0,0,0,0,0,0,0,0,0,0,0,0,0,0,0,0,0,0,0,0,0,0,100,50,0,0,0,0,09:50:00,0
2026-07-31 09:50:17.381000+05:30,29.6,69.9,417,0,1,31,24.1,59.3,0,955.3,0,0,27.9,55.0,617,0,2,143,0,0,0,0,0,0,17.8,80.9,444,0,1,44,0,0,0,0,0,0,0,0,0,0,0,0,0,0,0,0,0,0,0,0,0,0,0,0,100,50,0,0,0,0,09:50:00,0
2026-07-31 09:50:22.381000+05:30,29.6,70.2,400,0,1,19,24.1,59.3,0,955.3,0,0,27.9,55.0,626,0,2,150,0,0,0,0,0,0,17.8,80.9,466,0,1,54,0,0,0,0,0,0,0,0,0,0,0,0,0,0,0,0,0,0,0,0,0,0,0,0,100,50,0,0,0,0,09:50:00,0
2026-07-31 09:50:27.380000+05:30,29.6,70.2,402,0,1,25,24.1,59.3,0,955.3,0,0,27.9,55.0,633,0,2,154,0,0,0,0,0,0,17.8,80.9,455,0,1,49,0,0,0,0,0,0,0,0,0,0,0,0,0,0,0,0,0,0,0,0,0,0,0,0,100,50,0,0,0,0,09:50:00,0
2026-07-31 09:50:32.380000+05:30,29.6,70.1,469,0,1,56,24.1,59.3,0,955.3,0,0,27.9,55.0,614,0,2,141,0,0,0,0,0,0,17.8,80.8,459,0,1,51,0,0,0,0,0,0,0,0,0,0,0,0,0,0,0,0,0,0,0,0,0,0,0,0,100,50,0,0,0,0,09:50:00,0
2026-07-31 09:50:37.452000+05:30,29.6,70.2,479,0,1,61,24.1,59.3,0,955.3,0,0,27.9,55.0,620,0,2,146,0,0,0,0,0,0,17.8,80.7,454,0,1,49,0,0,0,0,0,0,0,0,0,0,0,0,0,0,0,0,0,0,0,0,0,0,0,0,100,50,0,0,0,0,09:50:00,0
2026-07-31 09:50:42.379000+05:30,29.6,70.4,487,0,2,65,24.1,59.3,0,955.3,0,0,27.9,55.0,629,0,2,152,0,0,0,0,0,0,17.8,80.7,485,0,1,64,0,0,0,0,0,0,0,0,0,0,0,0,0,0,0,0,0,0,0,0,0,0,0,0,100,50,0,0,0,0,09:50:00,0
2026-07-31 09:50:47.379000+05:30,29.6,70.6,449,0,1,46,24.1,59.3,0,955.3,0,0,27.9,55.0,613,0,2,140,0,0,0,0,0,0,17.8,80.8,505,0,2,75,0,0,0,0,0,0,0,0,0,0,0,0,0,0,0,0,0,0,0,0,0,0,0,0,100,50,0,0,0,0,09:50:00,0
2026-07-31 09:50:52.379000+05:30,29.6,71.0,455,0,1,49,24.1,59.2,0,955.0,0,0,27.9,55.0,606,0,2,136,0,0,0,0,0,0,17.8,81.1,496,0,2,70,0,0,0,0,0,0,0,0,0,0,0,0,0,0,0,0,0,0,0,0,0,0,0,0,100,50,0,0,0,0,09:50:00,0
2026-07-31 09:50:57.379000+05:30,29.6,71.0,464,0,1,53,24.1,59.2,0,955.0,0,0,27.9,55.0,665,0,2,178,0,0,0,0,0,0,17.8,81.1,473,0,1,58,0,0,0,0,0,0,0,0,0,0,0,0,0,0,0,0,0,0,0,0,0,0,0,0,100,50,0,0,0,0,09:50:00,0
2026-07-31 09:51:02.379000+05:30,29.6,70.7,449,0,1,46,24.1,59.2,0,955.2,0,0,27.9,55.5,635,0,2,156,0,0,0,0,0,0,17.7,81.5,479,0,1,61,0,0,0,0,0,0,0,0,0,0,0,0,0,0,0,0,0,0,0,0,0,0,0,0,100,50,0,0,0,0,09:50:00,0
2026-07-31 09:51:07.379000+05:30,29.6,70.4,448,0,1,46,24.1,61.7,0,955.4,0,0,27.9,56.7,613,0,2,140,0,0,0,0,0,0,17.7,81.5,485,0,1,64,0,0,0,0,0,0,0,0,0,0,0,0,0,0,0,0,0,0,0,0,0,0,0,0,100,50,0,0,0,0,09:50:00,0
2026-07-31 09:51:12.379000+05:30,29.6,70.0,456,0,1,49,24.1,61.7,0,955.4,0,0,27.9,56.7,623,0,2,147,0,0,0,0,0,0,17.8,81.7,495,0,2,69,0,0,0,0,0,0,0,0,0,0,0,0,0,0,0,0,0,0,0,0,0,0,0,0,100,50,0,0,0,0,09:50:00,0
2026-07-31 09:51:17.379000+05:30,29.6,69.9,425,0,1,35,24.1,60.5,0,955.3,0,0,27.9,56.4,604,0,2,134,0,0,0,0,0,0,17.8,81.4,516,0,2,81,0,0,0,0,0,0,0,0,0,0,0,0,0,0,0,0,0,0,0,0,0,0,0,0,100,50,0,0,0,0,09:50:00,0
2026-07-31 09:51:22.379000+05:30,29.5,70.1,470,0,1,56,24.1,60.5,0,955.3,0,0,27.9,56.4,604,0,2,134,0,0,0,0,0,0,17.8,81.4,484,0,1,64,0,0,0,0,0,0,0,0,0,0,0,0,0,0,0,0,0,0,0,0,0,0,0,0,100,50,0,0,0,0,09:50:00,0
2026-07-31 09:51:27.378000+05:30,29.6,70.3,459,0,1,51,24.1,59.9,0,955.3,0,0,27.9,55.9,615,0,2,142,0,0,0,0,0,0,17.8,81.1,490,0,2,67,0,0,0,0,0,0,0,0,0,0,0,0,0,0,0,0,0,0,0,0,0,0,0,0,100,50,0,0,0,0,09:50:00,0
2026-07-31 09:51:32.379000+05:30,29.6,70.4,448,0,1,46,24.1,59.7,0,955.3,0,0,27.8,55.8,594,0,2,128,0,0,0,0,0,0,17.8,80.9,482,0,1,62,0,0,0,0,0,0,0,0,0,0,0,0,0,0,0,0,0,0,0,0,0,0,0,0,100,50,0,0,0,0,09:50:00,0
2026-07-31 09:51:37.379000+05:30,29.6,70.4,442,0,1,43,24.1,59.7,0,955.3,0,0,27.8,55.8,591,0,2,126,0,0,0,0,0,0,17.8,80.9,491,0,2,67,0,0,0,0,0,0,0,0,0,0,0,0,0,0,0,0,0,0,0,0,0,0,0,0,100,50,0,0,0,0,09:50:00,0
2026-07-31 09:51:42.381000+05:30,29.6,70.7,466,0,1,55,24.1,59.7,0,955.3,0,0,27.8,55.8,600,0,2,132,0,0,0,0,0,0,17.8,80.9,508,0,2,76,0,0,0,0,0,0,0,0,0,0,0,0,0,0,0,0,0,0,0,0,0,0,0,0,100,50,0,0,0,0,09:50:00,0
2026-07-31 09:51:47.383000+05:30,29.6,70.7,471,0,1,57,24.1,59.8,0,955.3,0,0,27.8,55.8,616,0,2,142,0,0,0,0,0,0,17.8,80.9,481,0,1,62,0,0,0,0,0,0,0,0,0,0,0,0,0,0,0,0,0,0,0,0,0,0,0,0,100,50,0,0,0,0,09:50:00,0
2026-07-31 09:51:52.379000+05:30,29.7,71.1,487,0,2,65,24.1,59.8,0,955.3,0,0,27.8,55.8,623,0,2,147,0,0,0,0,0,0,17.8,80.9,467,0,1,55,0,0,0,0,0,0,0,0,0,0,0,0,0,0,0,0,0,0,0,0,0,0,0,0,100,50,0,0,0,0,09:50:00,0
2026-07-31 09:51:57.382000+05:30,29.7,71.1,483,0,1,63,24.1,59.6,0,955.4,0,0,27.8,55.8,584,0,2,121,0,0,0,0,0,0,17.8,80.7,477,0,1,60,0,0,0,0,0,0,0,0,0,0,0,0,0,0,0,0,0,0,0,0,0,0,0,0,100,50,0,0,0,0,09:50:00,0
2026-07-31 09:52:02.382000+05:30,29.7,71.3,457,0,1,50,24.1,59.6,0,955.4,0,0,27.8,55.8,570,0,2,113,0,0,0,0,0,0,17.8,80.7,461,0,1,52,0,0,0,0,0,0,0,0,0,0,0,0,0,0,0,0,0,0,0,0,0,0,0,0,100,50,0,0,0,0,09:50:00,0
2026-07-31 09:52:07.381000+05:30,29.7,70.8,457,0,1,50,24.1,59.5,0,955.3,0,0,27.8,55.6,603,0,2,134,0,0,0,0,0,0,17.8,80.7,477,0,1,60,0,0,0,0,0,0,0,0,0,0,0,0,0,0,0,0,0,0,0,0,0,0,0,0,100,50,0,0,0,0,09:50:00,0
2026-07-31 09:52:12.384000+05:30,29.7,70.7,453,0,1,48,24.1,59.5,0,955.3,0,0,27.8,55.6,581,0,2,119,0,0,0,0,0,0,17.8,80.7,472,0,1,57,0,0,0,0,0,0,0,0,0,0,0,0,0,0,0,0,0,0,0,0,0,0,0,0,100,50,0,0,0,0,09:50:00,0
2026-07-31 09:52:17.378000+05:30,29.6,70.7,444,0,1,44,24.1,59.5,0,955.3,0,0,27.8,55.6,592,0,2,126,0,0,0,0,0,0,17.8,80.6,457,0,1,50,0,0,0,0,0,0,0,0,0,0,0,0,0,0,0,0,0,0,0,0,0,0,0,0,100,50,0,0,0,0,09:50:00,0
2026-07-31 09:52:22.378000+05:30,29.6,70.7,430,0,1,37,24.1,59.5,0,955.3,0,0,27.8,55.6,592,0,2,126,0,0,0,0,0,0,17.8,80.6,467,0,1,55,0,0,0,0,0,0,0,0,0,0,0,0,0,0,0,0,0,0,0,0,0,0,0,0,100,50,0,0,0,0,09:50:00,0
2026-07-31 09:52:27.378000+05:30,29.6,70.7,426,0,1,36,24.1,59.4,0,955.4,0,0,27.7,55.5,584,0,2,122,0,0,0,0,0,0,17.8,80.6,489,0,2,66,0,0,0,0,0,0,0,0,0,0,0,0,0,0,0,0,0,0,0,0,0,0,0,0,100,50,0,0,0,0,09:50:00,0
2026-07-31 09:52:32.378000+05:30,29.6,70.6,425,0,1,35,24.0,59.3,0,955.4,0,0,27.7,55.4,587,0,2,124,0,0,0,0,0,0,17.8,80.6,494,0,2,69,0,0,0,0,0,0,0,0,0,0,0,0,0,0,0,0,0,0,0,0,0,0,0,0,100,50,0,0,0,0,09:50:00,0
2026-07-31 09:52:37.384000+05:30,29.6,70.6,408,0,1,27,24.0,59.3,0,955.3,0,0,27.7,55.4,597,0,2,130,0,0,0,0,0,0,17.8,80.6,461,0,1,52,0,0,0,0,0,0,0,0,0,0,0,0,0,0,0,0,0,0,0,0,0,0,0,0,100,50,0,0,0,0,09:50:00,0
2026-07-31 09:52:42.383000+05:30,29.6,70.5,412,0,1,29,24.0,59.3,0,955.3,0,0,27.7,55.4,585,0,2,122,0,0,0,0,0,0,17.8,80.6,466,0,1,54,0,0,0,0,0,0,0,0,0,0,0,0,0,0,0,0,0,0,0,0,0,0,0,0,100,50,0,0,0,0,09:50:00,0
2026-07-31 09:52:47.379000+05:30,29.6,70.3,411,0,1,28,24.0,59.3,0,955.3,0,0,27.7,55.4,592,0,2,126,0,0,0,0,0,0,17.8,80.4,477,0,1,60,0,0,0,0,0,0,0,0,0,0,0,0,0,0,0,0,0,0,0,0,0,0,0,0,100,50,0,0,0,0,09:50:00,0
2026-07-31 09:52:52.383000+05:30,29.6,70.0,400,0,1,22,24.0,59.2,0,955.3,0,0,27.7,55.3,611,0,2,139,0,0,0,0,0,0,17.8,80.4,460,0,1,52,0,0,0,0,0,0,0,0,0,0,0,0,0,0,0,0,0,0,0,0,0,0,0,0,100,50,0,0,0,0,09:50:00,0
2026-07-31 09:52:57.383000+05:30,29.5,70.4,413,0,1,29,24.0,59.1,0,955.3,0,0,27.7,55.3,599,0,2,131,0,0,0,0,0,0,17.8,80.5,462,0,1,52,0,0,0,0,0,0,0,0,0,0,0,0,0,0,0,0,0,0,0,0,0,0,0,0,100,50,0,0,0,0,09:50:00,0
2026-07-31 09:53:02.383000+05:30,29.5,70.9,411,0,1,29,24.0,59.1,0,955.3,0,0,27.7,55.3,580,0,2,119,0,0,0,0,0,0,17.8,80.5,468,0,1,56,0,0,0,0,0,0,0,0,0,0,0,0,0,0,0,0,0,0,0,0,0,0,0,0,100,50,0,0,0,0,09:50:00,0
2026-07-31 09:53:07.383000+05:30,29.5,71.1,417,0,1,31,24.0,59.1,0,955.3,0,0,27.7,55.2,592,0,2,127,0,0,0,0,0,0,17.8,80.4,445,0,1,44,0,0,0,0,0,0,0,0,0,0,0,0,0,0,0,0,0,0,0,0,0,0,0,0,100,50,0,0,0,0,09:50:00,0
2026-07-31 09:53:12.382000+05:30,29.6,71.1,434,0,1,39,24.0,59.1,0,955.3,0,0,27.7,55.2,593,0,2,128,0,0,0,0,0,0,17.8,80.3,467,0,1,55,0,0,0,0,0,0,0,0,0,0,0,0,0,0,0,0,0,0,0,0,0,0,0,0,100,50,0,0,0,0,09:50:00,0
2026-07-31 09:53:17.382000+05:30,29.6,71.1,400,0,1,24,24.0,59.1,0,955.3,0,0,27.7,55.2,569,0,2,112,0,0,0,0,0,0,17.8,80.3,439,0,1,42,0,0,0,0,0,0,0,0,0,0,0,0,0,0,0,0,0,0,0,0,0,0,0,0,100,50,0,0,0,0,09:50:00,0
2026-07-31 09:53:22.383000+05:30,29.6,71.1,400,0,1,21,24.0,59.1,0,955.3,0,0,27.6,55.2,573,0,2,115,0,0,0,0,0,0,17.8,80.3,426,0,1,35,0,0,0,0,0,0,0,0,0,0,0,0,0,0,0,0,0,0,0,0,0,0,0,0,100,50,0,0,0,0,09:50:00,0
2026-07-31 09:53:27.383000+05:30,29.6,70.8,400,0,1,14,24.0,59.0,0,955.3,0,0,27.6,55.2,576,0,2,116,0,0,0,0,0,0,17.8,80.1,427,0,1,36,0,0,0,0,0,0,0,0,0,0,0,0,0,0,0,0,0,0,0,0,0,0,0,0,100,50,0,0,0,0,09:50:00,0
2026-07-31 09:53:32.383000+05:30,29.6,70.6,418,0,1,32,24.0,59.0,0,955.3,0,0,27.6,55.2,597,0,2,130,0,0,0,0,0,0,17.8,80.1,424,0,1,34,0,0,0,0,0,0,0,0,0,0,0,0,0,0,0,0,0,0,0,0,0,0,0,0,100,50,0,0,0,0,09:50:00,0
2026-07-31 09:53:37.382000+05:30,29.6,70.7,440,0,1,42,24.0,59.0,0,955.3,0,0,27.6,55.1,569,0,2,112,0,0,0,0,0,0,17.8,79.9,423,0,1,34,0,0,0,0,0,0,0,0,0,0,0,0,0,0,0,0,0,0,0,0,0,0,0,0,100,50,0,0,0,0,09:50:00,0
2026-07-31 09:53:42.382000+05:30,29.6,70.7,449,0,1,46,24.0,58.9,0,955.3,0,0,27.6,55.1,564,0,2,109,0,0,0,0,0,0,17.8,79.9,439,0,1,41,0,0,0,0,0,0,0,0,0,0,0,0,0,0,0,0,0,0,0,0,0,0,0,0,100,50,0,0,0,0,09:50:00,0
2026-07-31 09:53:47.381000+05:30,29.6,70.9,425,0,1,35,24.0,58.8,0,955.2,0,0,27.6,55.0,567,0,2,111,0,0,0,0,0,0,17.8,79.9,451,0,1,47,0,0,0,0,0,0,0,0,0,0,0,0,0,0,0,0,0,0,0,0,0,0,0,0,100,50,0,0,0,0,09:50:00,0
2026-07-31 09:53:52.381000+05:30,29.6,71.3,432,0,1,38,24.0,58.8,0,955.2,0,0,27.6,55.0,555,0,2,103,0,0,0,0,0,0,17.8,79.9,449,0,1,46,0,0,0,0,0,0,0,0,0,0,0,0,0,0,0,0,0,0,0,0,0,0,0,0,100,50,0,0,0,0,09:50:00,0
2026-07-31 09:53:57.382000+05:30,29.6,71.5,442,0,1,43,23.9,58.8,0,955.4,0,0,27.6,55.0,569,0,2,112,0,0,0,0,0,0,17.8,79.8,454,0,1,49,0,0,0,0,0,0,0,0,0,0,0,0,0,0,0,0,0,0,0,0,0,0,0,0,100,50,0,0,0,0,09:50:00,0
2026-07-31 09:54:02.382000+05:30,29.7,71.7,450,0,1,47,24.0,58.7,0,955.3,0,0,27.6,54.9,557,0,2,104,0,0,0,0,0,0,17.8,79.8,438,0,1,41,0,0,0,0,0,0,0,0,0,0,0,0,0,0,0,0,0,0,0,0,0,0,0,0,100,50,0,0,0,0,09:50:00,0
2026-07-31 09:54:07.380000+05:30,29.7,71.9,443,0,1,43,23.9,58.6,0,955.3,0,0,27.6,54.9,592,0,2,127,0,0,0,0,0,0,17.8,79.8,436,0,1,40,0,0,0,0,0,0,0,0,0,0,0,0,0,0,0,0,0,0,0,0,0,0,0,0,100,50,0,0,0,0,09:50:00,0
2026-07-31 09:54:12.382000+05:30,29.7,71.9,441,0,1,42,23.9,58.6,0,955.3,0,0,27.6,54.9,560,0,2,107,0,0,0,0,0,0,17.8,79.8,441,0,1,42,0,0,0,0,0,0,0,0,0,0,0,0,0,0,0,0,0,0,0,0,0,0,0,0,100,50,0,0,0,0,09:50:00,0
2026-07-31 09:54:17.381000+05:30,29.7,71.9,440,0,1,42,23.9,58.6,0,955.3,0,0,27.5,54.8,578,0,2,118,0,0,0,0,0,0,17.8,79.9,446,0,1,45,0,0,0,0,0,0,0,0,0,0,0,0,0,0,0,0,0,0,0,0,0,0,0,0,100,50,0,0,0,0,09:50:00,0
2026-07-31 09:54:22.381000+05:30,29.7,71.3,433,0,1,39,23.9,58.6,0,955.3,0,0,27.5,54.8,565,0,2,110,0,0,0,0,0,0,17.8,79.9,434,0,1,39,0,0,0,0,0,0,0,0,0,0,0,0,0,0,0,0,0,0,0,0,0,0,0,0,100,50,0,0,0,0,09:50:00,0
2026-07-31 09:54:27.381000+05:30,29.7,70.7,426,0,1,35,23.9,58.5,0,955.3,0,0,27.6,54.8,570,0,2,112,0,0,0,0,0,0,17.8,79.9,449,0,1,46,0,0,0,0,0,0,0,0,0,0,0,0,0,0,0,0,0,0,0,0,0,0,0,0,100,50,0,0,0,0,09:50:00,0
2026-07-31 09:54:32.381000+05:30,29.7,71.1,445,0,1,44,23.9,58.5,0,955.3,0,0,27.6,54.7,587,0,2,123,0,0,0,0,0,0,17.8,79.8,441,0,1,42,0,0,0,0,0,0,0,0,0,0,0,0,0,0,0,0,0,0,0,0,0,0,0,0,100,50,0,0,0,0,09:50:00,0
2026-07-31 09:54:37.381000+05:30,29.7,71.1,460,0,1,51,23.9,58.5,0,955.3,0,0,27.6,54.6,569,0,2,112,0,0,0,0,0,0,17.8,79.8,435,0,1,40,0,0,0,0,0,0,0,0,0,0,0,0,0,0,0,0,0,0,0,0,0,0,0,0,100,50,0,0,0,0,09:50:00,0
2026-07-31 09:54:42.381000+05:30,29.8,71.6,500,0,2,72,23.9,58.5,0,955.3,0,0,27.6,54.6,583,0,2,121,0,0,0,0,0,0,17.8,79.8,434,0,1,39,0,0,0,0,0,0,0,0,0,0,0,0,0,0,0,0,0,0,0,0,0,0,0,0,100,50,0,0,0,0,09:50:00,0
2026-07-31 09:54:47.380000+05:30,29.8,71.7,474,0,1,58,23.9,58.4,0,955.3,0,0,27.5,54.6,561,0,2,107,0,0,0,0,0,0,17.8,79.8,430,0,1,37,0,0,0,0,0,0,0,0,0,0,0,0,0,0,0,0,0,0,0,0,0,0,0,0,100,50,0,0,0,0,09:50:00,0
2026-07-31 09:54:52.379000+05:30,29.8,71.3,450,0,1,47,23.9,58.4,0,955.3,0,0,27.5,54.6,562,0,2,108,0,0,0,0,0,0,17.8,79.8,435,0,1,39,0,0,0,0,0,0,0,0,0,0,0,0,0,0,0,0,0,0,0,0,0,0,0,0,100,50,0,0,0,0,09:50:00,0
2026-07-31 09:54:57.381000+05:30,29.8,71.2,447,0,1,45,23.9,58.3,0,955.3,0,0,27.5,54.6,574,0,2,115,0,0,0,0,0,0,17.8,79.8,433,0,1,39,0,0,0,0,0,0,0,0,0,0,0,0,0,0,0,0,0,0,0,0,0,0,0,0,100,50,0,0,0,0,09:50:00,0
2026-07-31 09:55:02.382000+05:30,29.8,71.2,430,0,1,37,23.9,58.3,0,955.3,0,0,27.5,54.6,564,0,2,109,0,0,0,0,0,0,17.8,79.8,439,0,1,41,0,0,0,0,0,0,0,0,0,0,0,0,0,0,0,0,0,0,0,0,0,0,0,0,100,50,0,0,0,0,09:50:00,0
2026-07-31 09:55:07.382000+05:30,29.8,71.2,448,0,1,46,23.9,58.3,0,955.4,0,0,27.5,54.5,568,0,2,112,0,0,0,0,0,0,17.8,79.8,420,0,1,33,0,0,0,0,0,0,0,0,0,0,0,0,0,0,0,0,0,0,0,0,0,0,0,0,100,50,0,0,0,0,09:50:00,0
2026-07-31 09:55:12.382000+05:30,29.9,71.1,467,0,1,55,23.9,58.2,0,955.4,0,0,27.5,54.5,566,0,2,110,0,0,0,0,0,0,17.8,79.8,444,0,1,44,0,0,0,0,0,0,0,0,0,0,0,0,0,0,0,0,0,0,0,0,0,0,0,0,100,50,0,0,0,0,09:50:00,0
2026-07-31 09:55:17.379000+05:30,29.9,71.3,453,0,1,48,23.9,58.2,0,955.4,0,0,27.5,54.5,557,0,2,105,0,0,0,0,0,0,17.8,79.9,440,0,1,42,0,0,0,0,0,0,0,0,0,0,0,0,0,0,0,0,0,0,0,0,0,0,0,0,100,50,0,0,0,0,09:50:00,0
2026-07-31 09:55:22.380000+05:30,29.8,71.1,440,0,1,42,23.8,58.2,0,955.3,0,0,27.5,54.4,548,0,2,99,0,0,0,0,0,0,17.8,79.9,439,0,1,41,0,0,0,0,0,0,0,0,0,0,0,0,0,0,0,0,0,0,0,0,0,0,0,0,100,50,0,0,0,0,09:50:00,0
2026-07-31 09:55:27.379000+05:30,29.9,71.4,429,0,1,37,23.8,58.2,0,955.3,0,0,27.5,54.4,545,0,2,98,0,0,0,0,0,0,17.8,79.9,461,0,1,52,0,0,0,0,0,0,0,0,0,0,0,0,0,0,0,0,0,0,0,0,0,0,0,0,100,50,0,0,0,0,09:50:00,0
2026-07-31 09:55:32.378000+05:30,29.8,70.8,428,0,1,36,23.8,58.1,0,955.3,0,0,27.4,54.4,557,0,2,105,0,0,0,0,0,0,17.8,80.0,431,0,1,38,0,0,0,0,0,0,0,0,0,0,0,0,0,0,0,0,0,0,0,0,0,0,0,0,100,50,0,0,0,0,09:50:00,0
2026-07-31 09:55:37.379000+05:30,29.8,70.3,406,0,1,26,23.8,58.1,0,955.4,0,0,27.4,54.4,534,0,2,91,0,0,0,0,0,0,17.8,80.0,436,0,1,40,0,0,0,0,0,0,0,0,0,0,0,0,0,0,0,0,0,0,0,0,0,0,0,0,100,50,0,0,0,0,09:50:00,0
2026-07-31 09:55:42.379000+05:30,29.8,70.3,420,0,1,32,23.8,58.1,0,955.4,0,0,27.4,54.4,534,0,2,91,0,0,0,0,0,0,17.8,80.0,436,0,1,40,0,0,0,0,0,0,0,0,0,0,0,0,0,0,0,0,0,0,0,0,0,0,0,0,100,50,0,0,0,0,09:50:00,0
2026-07-31 09:55:47.461000+05:30,29.7,70.3,404,0,1,25,23.8,58.1,0,955.2,0,0,27.4,54.4,539,0,2,94,0,0,0,0,0,0,17.8,80.1,446,0,1,45,0,0,0,0,0,0,0,0,0,0,0,0,0,0,0,0,0,0,0,0,0,0,0,0,100,50,0,0,0,0,09:50:00,0
2026-07-31 09:55:52.379000+05:30,29.7,70.2,417,0,1,31,23.8,58.0,0,955.3,0,0,27.4,54.3,544,0,2,97,0,0,0,0,0,0,17.8,80.0,454,0,1,49,0,0,0,0,0,0,0,0,0,0,0,0,0,0,0,0,0,0,0,0,0,0,0,0,100,50,0,0,0,0,09:50:00,0
2026-07-31 09:55:57.379000+05:30,29.7,70.2,416,0,1,31,23.8,58.0,0,955.3,0,0,27.4,54.2,544,0,2,97,0,0,0,0,0,0,17.8,80.0,439,0,1,41,0,0,0,0,0,0,0,0,0,0,0,0,0,0,0,0,0,0,0,0,0,0,0,0,100,50,0,0,0,0,09:50:00,0
2026-07-31 09:56:02.378000+05:30,29.7,69.7,446,0,1,45,23.8,58.0,0,955.3,0,0,27.4,54.2,557,0,2,104,0,0,0,0,0,0,17.8,80.0,425,0,1,35,0,0,0,0,0,0,0,0,0,0,0,0,0,0,0,0,0,0,0,0,0,0,0,0,100,50,0,0,0,0,09:50:00,0
2026-07-31 09:56:07.385000+05:30,29.8,70.1,450,0,1,47,23.8,58.0,0,955.3,0,0,27.4,54.2,553,0,2,102,0,0,0,0,0,0,17.8,80.0,415,0,1,30,0,0,0,0,0,0,0,0,0,0,0,0,0,0,0,0,0,0,0,0,0,0,0,0,100,50,0,0,0,0,09:50:00,0
2026-07-31 09:56:12.378000+05:30,29.8,70.5,412,0,1,29,23.8,57.9,0,955.3,0,0,27.4,54.1,553,0,2,102,0,0,0,0,0,0,17.8,79.9,418,0,1,32,0,0,0,0,0,0,0,0,0,0,0,0,0,0,0,0,0,0,0,0,0,0,0,0,100,50,0,0,0,0,09:50:00,0
2026-07-31 09:56:17.378000+05:30,29.8,70.6,404,0,1,26,23.8,57.9,0,955.3,0,0,27.4,54.1,524,0,2,85,0,0,0,0,0,0,17.8,79.9,423,0,1,34,0,0,0,0,0,0,0,0,0,0,0,0,0,0,0,0,0,0,0,0,0,0,0,0,100,50,0,0,0,0,09:50:00,0
2026-07-31 09:56:22.378000+05:30,29.8,70.9,416,0,1,31,23.8,57.8,0,955.3,0,0,27.4,54.2,536,0,2,92,0,0,0,0,0,0,17.8,79.9,438,0,1,41,0,0,0,0,0,0,0,0,0,0,0,0,0,0,0,0,0,0,0,0,0,0,0,0,100,50,0,0,0,0,09:50:00,0
2026-07-31 09:56:27.378000+05:30,29.8,71.1,425,0,1,35,23.8,57.8,0,955.3,0,0,27.4,54.2,509,0,2,77,0,0,0,0,0,0,17.8,79.9,437,0,1,40,0,0,0,0,0,0,0,0,0,0,0,0,0,0,0,0,0,0,0,0,0,0,0,0,100,50,0,0,0,0,09:50:00,0
2026-07-31 09:56:32.378000+05:30,29.8,71.3,421,0,1,33,23.8,57.8,0,955.3,0,0,27.4,54.0,531,0,2,89,0,0,0,0,0,0,17.8,79.9,435,0,1,40,0,0,0,0,0,0,0,0,0,0,0,0,0,0,0,0,0,0,0,0,0,0,0,0,100,50,0,0,0,0,09:50:00,0
2026-07-31 09:56:37.378000+05:30,29.8,71.3,406,0,1,26,23.8,57.8,0,955.2,0,0,27.4,54.0,550,0,2,101,0,0,0,0,0,0,17.8,80.0,452,0,1,48,0,0,0,0,0,0,0,0,0,0,0,0,0,0,0,0,0,0,0,0,0,0,0,0,100,50,0,0,0,0,09:50:00,0
2026-07-31 09:56:42.383000+05:30,29.8,71.3,418,0,1,32,23.8,57.8,0,955.2,0,0,27.4,54.0,540,0,2,95,0,0,0,0,0,0,17.8,80.0,421,0,1,33,0,0,0,0,0,0,0,0,0,0,0,0,0,0,0,0,0,0,0,0,0,0,0,0,100,50,0,0,0,0,09:50:00,0
2026-07-31 09:56:47.378000+05:30,29.8,71.4,454,0,1,48,23.7,57.7,0,955.3,0,0,27.4,54.0,545,0,2,98,0,0,0,0,0,0,17.8,80.0,428,0,1,36,0,0,0,0,0,0,0,0,0,0,0,0,0,0,0,0,0,0,0,0,0,0,0,0,100,50,0,0,0,0,09:50:00,0
2026-07-31 09:56:52.378000+05:30,29.9,71.4,442,0,1,43,23.7,57.6,0,955.3,0,0,27.4,54.0,527,0,2,87,0,0,0,0,0,0,17.8,80.1,432,0,1,38,0,0,0,0,0,0,0,0,0,0,0,0,0,0,0,0,0,0,0,0,0,0,0,0,100,50,0,0,0,0,09:50:00,0
2026-07-31 09:56:57.384000+05:30,29.9,71.4,431,0,1,37,23.7,57.6,0,955.3,0,0,27.3,53.9,508,0,2,77,0,0,0,0,0,0,17.8,80.1,413,0,1,30,0,0,0,0,0,0,0,0,0,0,0,0,0,0,0,0,0,0,0,0,0,0,0,0,100,50,0,0,0,0,09:50:00,0
2026-07-31 09:57:02.383000+05:30,29.8,71.2,439,0,1,41,23.7,57.6,0,955.3,0,0,27.3,53.9,537,0,2,93,0,0,0,0,0,0,17.8,80.2,411,0,1,29,0,0,0,0,0,0,0,0,0,0,0,0,0,0,0,0,0,0,0,0,0,0,0,0,100,50,0,0,0,0,09:50:00,0
2026-07-31 09:57:07.384000+05:30,29.9,71.3,453,0,1,48,23.7,57.6,0,955.3,0,0,27.3,53.9,514,0,2,80,0,0,0,0,0,0,17.8,80.2,435,0,1,39,0,0,0,0,0,0,0,0,0,0,0,0,0,0,0,0,0,0,0,0,0,0,0,0,100,50,0,0,0,0,09:50:00,0
2026-07-31 09:57:12.377000+05:30,29.9,71.0,418,0,1,32,23.7,57.6,0,955.3,0,0,27.3,53.9,541,0,2,95,0,0,0,0,0,0,17.8,80.2,410,0,1,28,0,0,0,0,0,0,0,0,0,0,0,0,0,0,0,0,0,0,0,0,0,0,0,0,100,50,0,0,0,0,09:50:00,0
2026-07-31 09:57:17.384000+05:30,29.9,70.9,429,0,1,37,23.7,57.6,0,955.3,0,0,27.3,53.8,515,0,2,80,0,0,0,0,0,0,17.7,80.1,415,0,1,30,0,0,0,0,0,0,0,0,0,0,0,0,0,0,0,0,0,0,0,0,0,0,0,0,100,50,0,0,0,0,09:50:00,0
2026-07-31 09:57:22.383000+05:30,30.0,70.6,435,0,1,40,23.7,57.6,0,955.3,0,0,27.3,53.7,506,0,2,76,0,0,0,0,0,0,17.7,80.1,418,0,1,32,0,0,0,0,0,0,0,0,0,0,0,0,0,0,0,0,0,0,0,0,0,0,0,0,100,50,0,0,0,0,09:50:00,0
2026-07-31 09:57:27.384000+05:30,29.9,70.0,425,0,1,35,23.7,57.6,0,955.3,0,0,27.3,53.7,524,0,2,85,0,0,0,0,0,0,17.7,80.1,416,0,1,31,0,0,0,0,0,0,0,0,0,0,0,0,0,0,0,0,0,0,0,0,0,0,0,0,100,50,0,0,0,0,09:50:00,0
2026-07-31 09:57:32.382000+05:30,29.9,69.6,435,0,1,39,23.7,57.5,0,955.3,0,0,27.3,53.7,532,0,2,90,0,0,0,0,0,0,17.7,80.1,446,0,1,45,0,0,0,0,0,0,0,0,0,0,0,0,0,0,0,0,0,0,0,0,0,0,0,0,100,50,0,0,0,0,09:50:00,0
2026-07-31 09:57:37.382000+05:30,29.9,69.5,455,0,1,49,23.7,57.5,0,955.3,0,0,27.3,53.7,543,0,2,96,0,0,0,0,0,0,17.7,80.1,441,0,1,42,0,0,0,0,0,0,0,0,0,0,0,0,0,0,0,0,0,0,0,0,0,0,0,0,100,50,0,0,0,0,09:50:00,0
2026-07-31 09:57:42.383000+05:30,30.0,69.7,463,0,1,53,23.7,57.4,0,955.3,0,0,27.3,53.7,534,0,2,91,0,0,0,0,0,0,17.7,80.2,470,0,1,57,0,0,0,0,0,0,0,0,0,0,0,0,0,0,0,0,0,0,0,0,0,0,0,0,100,50,0,0,0,0,09:50:00,0
2026-07-31 09:57:47.382000+05:30,29.9,69.7,445,0,1,44,23.7,57.4,0,955.3,0,0,27.3,53.7,488,0,2,65,0,0,0,0,0,0,17.7,80.4,430,0,1,37,0,0,0,0,0,0,0,0,0,0,0,0,0,0,0,0,0,0,0,0,0,0,0,0,100,50,0,0,0,0,09:50:00,0
2026-07-31 09:57:52.383000+05:30,29.9,69.4,419,0,1,32,23.7,57.4,0,955.3,0,0,27.3,53.7,531,0,2,89,0,0,0,0,0,0,17.7,80.4,436,0,1,40,0,0,0,0,0,0,0,0,0,0,0,0,0,0,0,0,0,0,0,0,0,0,0,0,100,50,0,0,0,0,09:50:00,0
2026-07-31 09:57:57.383000+05:30,29.9,69.0,400,0,1,13,23.7,57.3,0,955.3,0,0,27.2,53.6,488,0,2,66,0,0,0,0,0,0,17.7,80.4,421,0,1,33,0,0,0,0,0,0,0,0,0,0,0,0,0,0,0,0,0,0,0,0,0,0,0,0,100,50,0,0,0,0,09:50:00,0
2026-07-31 09:58:02.380000+05:30,29.9,68.8,400,0,1,22,23.7,57.3,0,955.3,0,0,27.2,53.6,536,0,2,92,0,0,0,0,0,0,17.7,80.4,439,0,1,41,0,0,0,0,0,0,0,0,0,0,0,0,0,0,0,0,0,0,0,0,0,0,0,0,100,50,0,0,0,0,09:50:00,0
2026-07-31 09:58:07.460000+05:30,29.9,68.8,406,0,1,26,23.7,57.3,0,955.3,0,0,27.2,53.6,522,0,2,84,0,0,0,0,0,0,17.7,80.5,447,0,1,45,0,0,0,0,0,0,0,0,0,0,0,0,0,0,0,0,0,0,0,0,0,0,0,0,100,50,0,0,0,0,09:50:00,0
2026-07-31 09:58:12.382000+05:30,29.9,68.9,446,0,1,45,23.7,57.3,0,955.3,0,0,27.3,53.6,539,0,2,94,0,0,0,0,0,0,17.8,80.5,431,0,1,37,0,0,0,0,0,0,0,0,0,0,0,0,0,0,0,0,0,0,0,0,0,0,0,0,100,50,0,0,0,0,09:50:00,0
2026-07-31 09:58:17.381000+05:30,29.9,69.2,430,0,1,37,23.7,57.3,0,955.3,0,0,27.3,53.6,516,0,2,81,0,0,0,0,0,0,17.8,80.5,430,0,1,37,0,0,0,0,0,0,0,0,0,0,0,0,0,0,0,0,0,0,0,0,0,0,0,0,100,50,0,0,0,0,09:50:00,0
2026-07-31 09:58:22.382000+05:30,29.9,69.0,430,0,1,37,23.6,57.3,0,955.3,0,0,27.2,53.6,499,0,2,72,0,0,0,0,0,0,17.8,80.6,424,0,1,34,0,0,0,0,0,0,0,0,0,0,0,0,0,0,0,0,0,0,0,0,0,0,0,0,100,50,0,0,0,0,09:50:00,0
2026-07-31 09:58:27.382000+05:30,29.9,69.1,423,0,1,34,23.6,57.3,0,955.3,0,0,27.2,53.6,506,0,2,75,0,0,0,0,0,0,17.8,80.6,421,0,1,33,0,0,0,0,0,0,0,0,0,0,0,0,0,0,0,0,0,0,0,0,0,0,0,0,100,50,0,0,0,0,09:50:00,0
2026-07-31 09:58:32.381000+05:30,29.9,68.9,400,0,1,22,23.6,57.3,0,955.3,0,0,27.2,53.6,512,0,2,79,0,0,0,0,0,0,17.8,80.7,437,0,1,40,0,0,0,0,0,0,0,0,0,0,0,0,0,0,0,0,0,0,0,0,0,0,0,0,100,50,0,0,0,0,09:50:00,0
2026-07-31 09:58:37.382000+05:30,29.9,68.8,402,0,1,25,23.6,57.2,0,955.3,0,0,27.2,53.5,506,0,2,75,0,0,0,0,0,0,17.8,80.8,432,0,1,38,0,0,0,0,0,0,0,0,0,0,0,0,0,0,0,0,0,0,0,0,0,0,0,0,100,50,0,0,0,0,09:50:00,0
2026-07-31 09:58:42.382000+05:30,29.9,68.8,430,0,1,37,23.6,57.2,0,955.3,0,0,27.2,53.5,526,0,2,86,0,0,0,0,0,0,17.8,80.9,432,0,1,38,0,0,0,0,0,0,0,0,0,0,0,0,0,0,0,0,0,0,0,0,0,0,0,0,100,50,0,0,0,0,09:50:00,0
2026-07-31 09:58:47.382000+05:30,29.9,68.7,416,0,1,31,23.6,57.2,0,955.3,0,0,27.2,53.5,531,0,2,89,0,0,0,0,0,0,17.8,80.9,412,0,1,29,0,0,0,0,0,0,0,0,0,0,0,0,0,0,0,0,0,0,0,0,0,0,0,0,100,50,0,0,0,0,09:50:00,0
2026-07-31 09:58:52.381000+05:30,29.9,68.6,432,0,1,38,23.6,57.2,0,955.3,0,0,27.2,53.4,511,0,2,78,0,0,0,0,0,0,17.8,80.9,419,0,1,32,0,0,0,0,0,0,0,0,0,0,0,0,0,0,0,0,0,0,0,0,0,0,0,0,100,50,0,0,0,0,09:50:00,0
2026-07-31 09:58:57.381000+05:30,29.9,68.6,418,0,1,32,23.6,57.2,0,955.3,0,0,27.2,53.4,506,0,2,75,0,0,0,0,0,0,17.8,80.9,422,0,1,34,0,0,0,0,0,0,0,0,0,0,0,0,0,0,0,0,0,0,0,0,0,0,0,0,100,50,0,0,0,0,09:50:00,0
2026-07-31 09:59:02.381000+05:30,29.9,68.6,422,0,1,34,23.6,57.1,0,955.3,0,0,27.2,53.4,502,0,2,73,0,0,0,0,0,0,17.8,80.9,426,0,1,36,0,0,0,0,0,0,0,0,0,0,0,0,0,0,0,0,0,0,0,0,0,0,0,0,100,50,0,0,0,0,09:50:00,0
2026-07-31 09:59:07.381000+05:30,29.9,68.5,412,0,1,29,23.6,57.1,0,955.3,0,0,27.2,53.4,535,0,2,92,0,0,0,0,0,0,17.8,80.9,442,0,1,43,0,0,0,0,0,0,0,0,0,0,0,0,0,0,0,0,0,0,0,0,0,0,0,0,100,50,0,0,0,0,09:50:00,0
2026-07-31 09:59:12.380000+05:30,29.9,68.4,446,0,1,45,23.6,57.2,0,955.3,0,0,27.2,53.4,511,0,2,78,0,0,0,0,0,0,17.8,80.8,435,0,1,40,0,0,0,0,0,0,0,0,0,0,0,0,0,0,0,0,0,0,0,0,0,0,0,0,100,50,0,0,0,0,09:50:00,0
2026-07-31 09:59:17.377000+05:30,29.9,69.1,421,0,1,33,23.6,57.1,0,955.3,0,0,27.1,53.4,495,0,2,69,0,0,0,0,0,0,17.8,80.9,405,0,1,26,0,0,0,0,0,0,0,0,0,0,0,0,0,0,0,0,0,0,0,0,0,0,0,0,100,50,0,0,0,0,09:50:00,0
2026-07-31 09:59:22.383000+05:30,29.9,69.5,438,0,1,41,23.6,57.1,0,955.3,0,0,27.1,53.4,490,0,2,67,0,0,0,0,0,0,17.8,80.9,412,0,1,29,0,0,0,0,0,0,0,0,0,0,0,0,0,0,0,0,0,0,0,0,0,0,0,0,100,50,0,0,0,0,09:50:00,0
2026-07-31 09:59:27.390000+05:30,29.9,69.8,441,0,1,42,23.6,57.1,0,955.3,0,0,27.1,53.4,508,0,2,76,0,0,0,0,0,0,17.8,80.9,410,0,1,28,0,0,0,0,0,0,0,0,0,0,0,0,0,0,0,0,0,0,0,0,0,0,0,0,100,50,0,0,0,0,09:50:00,0
2026-07-31 09:59:32.379000+05:30,29.9,70.1,450,0,1,47,23.6,57.1,0,955.2,0,0,27.1,53.4,507,0,2,76,0,0,0,0,0,0,17.8,80.8,413,0,1,29,0,0,0,0,0,0,0,0,0,0,0,0,0,0,0,0,0,0,0,0,0,0,0,0,100,50,0,0,0,0,09:50:00,0
2026-07-31 09:59:37.378000+05:30,29.9,70.4,470,0,1,56,23.6,57.1,0,955.2,0,0,27.1,53.4,510,0,2,77,0,0,0,0,0,0,17.8,80.8,415,0,1,30,0,0,0,0,0,0,0,0,0,0,0,0,0,0,0,0,0,0,0,0,0,0,0,0,100,50,0,0,0,0,09:50:00,0
2026-07-31 09:59:42.381000+05:30,29.9,70.5,450,0,1,46,23.6,57.0,0,955.3,0,0,27.1,53.3,524,0,2,85,0,0,0,0,0,0,17.8,80.6,418,0,1,32,0,0,0,0,0,0,0,0,0,0,0,0,0,0,0,0,0,0,0,0,0,0,0,0,100,50,0,0,0,0,09:50:00,0
2026-07-31 09:59:47.392000+05:30,29.9,69.8,400,0,1,20,23.5,57.1,0,955.2,0,0,27.1,53.4,476,0,1,60,0,0,0,0,0,0,17.8,80.6,414,0,1,30,0,0,0,0,0,0,0,0,0,0,0,0,0,0,0,0,0,0,0,0,0,0,0,0,100,50,0,0,0,0,09:50:00,0
2026-07-31 09:59:52.379000+05:30,29.9,69.7,407,0,1,27,23.5,57.1,0,955.2,0,0,27.1,53.4,491,0,2,67,0,0,0,0,0,0,17.8,80.6,400,0,1,23,0,0,0,0,0,0,0,0,0,0,0,0,0,0,0,0,0,0,0,0,0,0,0,0,100,50,0,0,0,0,09:50:00,0
2026-07-31 09:59:57.380000+05:30,29.8,69.5,403,0,1,25,23.5,57.0,0,955.3,0,0,27.1,53.3,486,0,2,65,0,0,0,0,0,0,17.8,80.6,428,0,1,36,0,0,0,0,0,0,0,0,0,0,0,0,0,0,0,0,0,0,0,0,0,0,0,0,100,50,0,0,0,0,09:50:00,0
2026-07-31 10:00:02.379000+05:30,29.8,69.6,423,0,1,34,23.5,57.0,0,955.3,0,0,27.1,53.3,493,0,2,68,0,0,0,0,0,0,17.8,80.6,430,0,1,37,0,0,0,0,0,0,0,0,0,0,0,0,0,0,0,0,0,0,0,0,0,0,0,0,100,50,0,0,0,0,09:50:00,0
2026-07-31 10:00:07.451000+05:30,29.8,69.4,416,0,1,31,23.5,57.0,0,955.3,0,0,27.1,53.3,494,0,2,69,0,0,0,0,0,0,17.9,80.6,434,0,1,39,0,0,0,0,0,0,0,0,0,0,0,0,0,0,0,0,0,0,0,0,0,0,0,0,100,50,0,0,0,0,09:50:00,0
2026-07-31 10:00:12.379000+05:30,29.8,69.4,414,0,1,30,23.5,57.0,0,955.3,0,0,27.1,53.3,496,0,2,70,0,0,0,0,0,0,17.9,80.4,437,0,1,41,0,0,0,0,0,0,0,0,0,0,0,0,0,0,0,0,0,0,0,0,0,0,0,0,100,50,0,0,0,0,09:50:00,0
2026-07-31 10:00:17.379000+05:30,29.8,69.5,400,0,1,20,23.5,57.0,0,955.3,0,0,27.1,53.3,496,0,2,70,0,0,0,0,0,0,17.9,80.4,452,0,1,47,0,0,0,0,0,0,0,0,0,0,0,0,0,0,0,0,0,0,0,0,0,0,0,0,100,50,0,0,0,0,09:50:00,0
2026-07-31 10:00:22.379000+05:30,29.8,69.6,408,0,1,27,23.5,56.9,0,955.3,0,0,27.1,53.3,479,0,1,61,0,0,0,0,0,0,17.9,80.1,438,0,1,41,0,0,0,0,0,0,0,0,0,0,0,0,0,0,0,0,0,0,0,0,0,0,0,0,100,58,0,0,0,0,09:50:00,0
2026-07-31 10:00:27.448000+05:30,29.8,69.5,410,0,1,28,23.5,56.9,0,955.3,0,0,27.1,53.3,502,0,2,73,0,0,0,0,0,0,17.9,80.1,434,0,1,39,0,0,0,0,0,0,0,0,0,0,0,0,0,0,0,0,0,0,0,0,0,0,0,0,100,55,0,0,0,0,09:50:00,0
2026-07-31 10:00:32.378000+05:30,29.8,69.1,400,0,1,23,23.5,57.0,0,955.5,0,0,27.1,53.2,493,0,2,68,0,0,0,0,0,0,17.7,80.0,430,0,1,37,0,0,0,0,0,0,0,0,0,0,0,0,0,0,0,0,0,0,0,0,0,0,0,0,100,55,0,0,0,0,09:50:00,0
2026-07-31 10:00:37.379000+05:30,29.8,68.8,400,0,1,13,23.5,57.0,0,955.5,0,0,27.1,53.2,504,0,2,74,0,0,0,0,0,0,17.6,80.1,416,0,1,31,0,0,0,0,0,0,0,0,0,0,0,0,0,0,0,0,0,0,0,0,0,0,0,0,100,55,0,0,0,0,09:50:00,0
2026-07-31 10:00:42.379000+05:30,29.8,68.4,400,0,1,23,23.5,57.0,0,955.5,0,0,27.1,53.2,500,0,2,72,0,0,0,0,0,0,17.6,80.1,416,0,1,31,0,0,0,0,0,0,0,0,0,0,0,0,0,0,0,0,0,0,0,0,0,0,0,0,100,55,0,0,0,0,09:50:00,0
2026-07-31 10:00:47.378000+05:30,29.8,68.1,400,0,1,13,23.5,56.9,0,955.6,0,0,27.0,53.3,512,0,2,79,0,0,0,0,0,0,17.6,81.0,412,0,1,29,0,0,0,0,0,0,0,0,0,0,0,0,0,0,0,0,0,0,0,0,0,0,0,0,100,55,0,0,0,0,09:50:00,0
2026-07-31 10:00:52.379000+05:30,29.8,68.2,412,0,1,29,23.5,56.9,0,955.6,0,0,27.0,53.3,490,0,2,67,0,0,0,0,0,0,17.6,81.0,417,0,1,31,0,0,0,0,0,0,0,0,0,0,0,0,0,0,0,0,0,0,0,0,0,0,0,0,100,55,0,0,0,0,09:50:00,0
2026-07-31 10:00:57.379000+05:30,29.8,68.9,431,0,1,38,23.5,56.9,0,955.6,0,0,27.0,53.2,500,0,2,72,0,0,0,0,0,0,17.6,81.8,424,0,1,34,0,0,0,0,0,0,0,0,0,0,0,0,0,0,0,0,0,0,0,0,0,0,0,0,100,55,0,0,0,0,09:50:00,0
2026-07-31 10:01:02.378000+05:30,29.9,69.5,418,0,1,32,23.5,56.9,0,955.5,0,0,27.0,53.2,475,0,1,59,0,0,0,0,0,0,17.6,82.4,426,0,1,35,0,0,0,0,0,0,0,0,0,0,0,0,0,0,0,0,0,0,0,0,0,0,0,0,100,55,0,0,0,0,09:50:00,0
2026-07-31 10:01:07.378000+05:30,29.9,69.6,400,0,1,23,23.5,56.9,0,955.5,0,0,27.0,53.2,505,0,2,75,0,0,0,0,0,0,17.6,82.4,434,0,1,39,0,0,0,0,0,0,0,0,0,0,0,0,0,0,0,0,0,0,0,0,0,0,0,0,100,55,0,0,0,0,09:50:00,0
2026-07-31 10:01:12.379000+05:30,29.9,69.6,407,0,1,27,23.5,56.9,0,955.6,0,0,27.0,53.3,475,0,1,59,0,0,0,0,0,0,17.7,83.2,420,0,1,33,0,0,0,0,0,0,0,0,0,0,0,0,0,0,0,0,0,0,0,0,0,0,0,0,100,55,0,0,0,0,09:50:00,0
2026-07-31 10:01:17.384000+05:30,29.9,69.6,408,0,1,27,23.4,56.8,0,955.5,0,0,27.0,53.3,506,0,2,75,0,0,0,0,0,0,17.7,83.2,429,0,1,37,0,0,0,0,0,0,0,0,0,0,0,0,0,0,0,0,0,0,0,0,0,0,0,0,100,55,0,0,0,0,09:50:00,0
2026-07-31 10:01:22.378000+05:30,29.9,69.5,400,0,1,17,23.4,56.8,0,955.5,0,0,27.0,53.3,484,0,1,63,0,0,0,0,0,0,17.7,83.6,440,0,1,42,0,0,0,0,0,0,0,0,0,0,0,0,0,0,0,0,0,0,0,0,0,0,0,0,100,55,0,0,0,0,09:50:00,0
2026-07-31 10:01:27.382000+05:30,29.8,69.0,415,0,1,30,23.4,57.0,0,955.5,0,0,27.0,53.3,486,0,2,65,0,0,0,0,0,0,17.7,84.0,421,0,1,33,0,0,0,0,0,0,0,0,0,0,0,0,0,0,0,0,0,0,0,0,0,0,0,0,100,55,0,0,0,0,09:50:00,0
2026-07-31 10:01:32.377000+05:30,29.8,69.3,400,0,1,14,23.4,57.0,0,955.5,0,0,27.0,53.3,510,0,2,77,0,0,0,0,0,0,17.7,84.0,427,0,1,36,0,0,0,0,0,0,0,0,0,0,0,0,0,0,0,0,0,0,0,0,0,0,0,0,100,55,0,0,0,0,09:50:00,0
2026-07-31 10:01:37.383000+05:30,29.7,69.5,400,0,1,17,23.4,57.0,0,955.6,0,0,27.0,53.4,495,0,2,69,0,0,0,0,0,0,17.7,84.3,434,0,1,39,0,0,0,0,0,0,0,0,0,0,0,0,0,0,0,0,0,0,0,0,0,0,0,0,100,55,0,0,0,0,09:50:00,0
2026-07-31 10:01:42.383000+05:30,29.7,69.5,400,0,1,13,23.4,57.0,0,955.6,0,0,27.0,53.4,486,0,2,65,0,0,0,0,0,0,17.7,84.3,415,0,1,30,0,0,0,0,0,0,0,0,0,0,0,0,0,0,0,0,0,0,0,0,0,0,0,0,100,55,0,0,0,0,09:50:00,0
2026-07-31 10:01:47.383000+05:30,29.7,69.5,400,0,1,21,23.4,57.1,0,955.5,0,0,27.0,53.4,506,0,2,76,0,0,0,0,0,0,17.7,84.5,415,0,1,31,0,0,0,0,0,0,0,0,0,0,0,0,0,0,0,0,0,0,0,0,0,0,0,0,100,55,0,0,0,0,09:50:00,0
2026-07-31 10:01:52.495000+05:30,29.7,69.4,401,0,1,24,23.4,57.1,0,955.5,0,0,27.0,53.4,506,0,2,76,0,0,0,0,0,0,17.7,84.5,415,0,1,31,0,0,0,0,0,0,0,0,0,0,0,0,0,0,0,0,0,0,0,0,0,0,0,0,100,55,0,0,0,0,09:50:00,0
2026-07-31 10:01:57.407000+05:30,29.7,69.5,423,0,1,34,23.4,57.1,0,955.5,0,0,27.0,53.4,506,0,2,76,0,0,0,0,0,0,17.7,84.5,415,0,1,31,0,0,0,0,0,0,0,0,0,0,0,0,0,0,0,0,0,0,0,0,0,0,0,0,100,55,0,0,0,0,09:50:00,0
2026-07-31 10:02:02.384000+05:30,29.7,69.7,450,0,1,46,23.4,57.1,0,955.5,0,0,27.0,53.4,506,0,2,76,0,0,0,0,0,0,17.7,84.5,415,0,1,31,0,0,0,0,0,0,0,0,0,0,0,0,0,0,0,0,0,0,0,0,0,0,0,0,100,55,0,0,0,0,09:50:00,0
2026-07-31 10:02:07.428000+05:30,29.6,69.6,420,0,1,33,23.4,57.1,0,955.5,0,0,27.0,53.4,506,0,2,76,0,0,0,0,0,0,17.7,84.5,415,0,1,31,0,0,0,0,0,0,0,0,0,0,0,0,0,0,0,0,0,0,0,0,0,0,0,0,100,55,0,0,0,0,09:50:00,0
2026-07-31 10:02:12.383000+05:30,29.6,69.9,422,0,1,33,23.4,57.1,0,955.5,0,0,27.0,53.4,506,0,2,76,0,0,0,0,0,0,17.7,84.5,415,0,1,31,0,0,0,0,0,0,0,0,0,0,0,0,0,0,0,0,0,0,0,0,0,0,0,0,100,55,0,0,0,0,09:50:00,0
2026-07-31 10:02:17.413000+05:30,29.6,70.0,400,0,1,18,23.4,57.1,0,955.5,0,0,27.0,53.4,506,0,2,76,0,0,0,0,0,0,17.7,84.5,415,0,1,31,0,0,0,0,0,0,0,0,0,0,0,0,0,0,0,0,0,0,0,0,0,0,0,0,100,55,0,0,0,0,09:50:00,0
2026-07-31 10:02:22.383000+05:30,29.6,70.0,429,0,1,37,23.4,57.1,0,955.5,0,0,27.0,53.4,506,0,2,76,0,0,0,0,0,0,17.7,84.5,415,0,1,31,0,0,0,0,0,0,0,0,0,0,0,0,0,0,0,0,0,0,0,0,0,0,0,0,100,55,0,0,0,0,09:50:00,0
2026-07-31 10:02:27.436000+05:30,29.6,70.0,429,0,1,37,23.4,57.1,0,955.5,0,0,27.0,53.4,506,0,2,76,0,0,0,0,0,0,17.7,84.5,415,0,1,31,0,0,0,0,0,0,0,0,0,0,0,0,0,0,0,0,0,0,0,0,0,0,0,0,100,55,0,0,0,0,09:50:00,0
2026-07-31 10:02:32.460000+05:30,29.6,70.1,438,0,1,41,23.4,57.1,0,955.5,0,0,27.0,53.4,506,0,2,76,0,0,0,0,0,0,17.7,84.5,415,0,1,31,0,0,0,0,0,0,0,0,0,0,0,0,0,0,0,0,0,0,0,0,0,0,0,0,100,55,0,0,0,0,09:50:00,0
2026-07-31 10:02:37.384000+05:30,29.6,70.3,427,0,1,36,23.4,57.1,0,955.5,0,0,27.0,53.4,506,0,2,76,0,0,0,0,0,0,17.7,84.5,415,0,1,31,0,0,0,0,0,0,0,0,0,0,0,0,0,0,0,0,0,0,0,0,0,0,0,0,100,55,0,0,0,0,09:50:00,0
2026-07-31 10:02:42.377000+05:30,29.6,70.5,413,0,1,29,23.4,57.1,0,955.5,0,0,27.0,53.4,506,0,2,76,0,0,0,0,0,0,17.7,84.5,415,0,1,31,0,0,0,0,0,0,0,0,0,0,0,0,0,0,0,0,0,0,0,0,0,0,0,0,100,55,0,0,0,0,09:50:00,0
2026-07-31 10:02:47.382000+05:30,29.6,70.5,400,0,1,17,23.4,57.1,0,955.5,0,0,27.0,53.4,506,0,2,76,0,0,0,0,0,0,17.7,84.5,415,0,1,31,0,0,0,0,0,0,0,0,0,0,0,0,0,0,0,0,0,0,0,0,0,0,0,0,100,55,0,0,0,0,09:50:00,0
2026-07-31 10:02:52.382000+05:30,29.6,70.2,413,0,1,30,23.4,57.1,0,955.5,0,0,27.0,53.4,506,0,2,76,0,0,0,0,0,0,17.7,84.5,415,0,1,31,0,0,0,0,0,0,0,0,0,0,0,0,0,0,0,0,0,0,0,0,0,0,0,0,100,55,0,0,0,0,09:50:00,0
